student_dim_id,sis_user_id,student_label,grade_level,attendance_category,course_id,course_name,course_track,section_id,section_label,teacher_id,teacher_label,assignment_01_score,assignment_02_score,observed_growth_delta,modeled_assignment_02_growth_delta,posterior_readiness_after_assignment_02,assignment_02_generation_mode,academic_profile_status
115,SYN-SIS-000115,Synthetic Student 115,10,high,MATH-ALG1,Algebra 1,regular,SEC-001,Algebra 1 - Synthetic Section 01,TCH-001,Teacher 01,85.69,83.92,-1.77,-1.77,78.1593,growth_from_assignment_01,updated_assignment_02
254,SYN-SIS-000254,Synthetic Student 254,10,normal,MATH-ALG1,Algebra 1,regular,SEC-002,Algebra 1 - Synthetic Section 02,TCH-001,Teacher 01,24.34,29.15,4.81,4.81,31.8881,growth_from_assignment_01,updated_assignment_02
2,SYN-SIS-000002,Synthetic Student 002,10,normal,MATH-ALG2,Algebra 2,regular,SEC-010,Algebra 2 - Synthetic Section 10,TCH-002,Teacher 02,44.94,46.08,1.14,1.14,46.191,growth_from_assignment_01,updated_assignment_02
14,SYN-SIS-000014,Synthetic Student 014,10,high,MATH-ALG2,Algebra 2,regular,SEC-009,Algebra 2 - Synthetic Section 09,TCH-002,Teacher 02,44.38,0,,,,absent_no_update,initialized_assignment_01
23,SYN-SIS-000023,Synthetic Student 023,10,high,MATH-ALG2,Algebra 2,regular,SEC-009,Algebra 2 - Synthetic Section 09,TCH-002,Teacher 02,86.87,82.05,-4.82000000000001,-4.82,76.5794,growth_from_assignment_01,updated_assignment_02
33,SYN-SIS-000033,Synthetic Student 033,10,high,MATH-ALG2,Algebra 2,regular,SEC-009,Algebra 2 - Synthetic Section 09,TCH-002,Teacher 02,49.43,58.47,9.04,9.04,56.6584,growth_from_assignment_01,updated_assignment_02
59,SYN-SIS-000059,Synthetic Student 059,10,high,MATH-ALG2,Algebra 2,regular,SEC-009,Algebra 2 - Synthetic Section 09,TCH-002,Teacher 02,16.13,24.87,8.74,8.74,28.2722,growth_from_assignment_01,updated_assignment_02
61,SYN-SIS-000061,Synthetic Student 061,10,normal,MATH-ALG2,Algebra 2,regular,SEC-009,Algebra 2 - Synthetic Section 09,TCH-002,Teacher 02,30.27,30.96,0.690000000000001,0.69,33.4172,growth_from_assignment_01,updated_assignment_02
66,SYN-SIS-000066,Synthetic Student 066,10,high,MATH-ALG2,Algebra 2,regular,SEC-009,Algebra 2 - Synthetic Section 09,TCH-002,Teacher 02,43.33,46.96,3.63,3.63,46.9344,growth_from_assignment_01,updated_assignment_02
69,SYN-SIS-000069,Synthetic Student 069,10,high,MATH-ALG2,Algebra 2,regular,SEC-009,Algebra 2 - Synthetic Section 09,TCH-002,Teacher 02,76.96,71.12,-5.83999999999999,-5.84,67.3455,growth_from_assignment_01,updated_assignment_02
76,SYN-SIS-000076,Synthetic Student 076,10,high,MATH-ALG2,Algebra 2,regular,SEC-010,Algebra 2 - Synthetic Section 10,TCH-002,Teacher 02,38.76,49.73,10.97,10.97,49.2746,growth_from_assignment_01,updated_assignment_02
79,SYN-SIS-000079,Synthetic Student 079,10,high,MATH-ALG2,Algebra 2,regular,SEC-009,Algebra 2 - Synthetic Section 09,TCH-002,Teacher 02,70.98,67.79,-3.19,-3.19,64.5322,growth_from_assignment_01,updated_assignment_02
87,SYN-SIS-000087,Synthetic Student 087,10,high,MATH-ALG2,Algebra 2,regular,SEC-010,Algebra 2 - Synthetic Section 10,TCH-002,Teacher 02,41.3,44.93,3.63,3.63,45.2194,growth_from_assignment_01,updated_assignment_02
88,SYN-SIS-000088,Synthetic Student 088,10,high,MATH-ALG2,Algebra 2,regular,SEC-009,Algebra 2 - Synthetic Section 09,TCH-002,Teacher 02,66.37,58.11,-8.26000000000001,-8.26,56.3543,growth_from_assignment_01,updated_assignment_02
91,SYN-SIS-000091,Synthetic Student 091,10,high,MATH-ALG2,Algebra 2,regular,SEC-010,Algebra 2 - Synthetic Section 10,TCH-002,Teacher 02,75.51,74.28,-1.23,-1.23,70.0151,growth_from_assignment_01,updated_assignment_02
97,SYN-SIS-000097,Synthetic Student 097,10,normal,MATH-ALG2,Algebra 2,regular,SEC-010,Algebra 2 - Synthetic Section 10,TCH-002,Teacher 02,89.82,86.25,-3.56999999999999,-3.57,80.1277,growth_from_assignment_01,updated_assignment_02
121,SYN-SIS-000121,Synthetic Student 121,10,normal,MATH-ALG2,Algebra 2,regular,SEC-010,Algebra 2 - Synthetic Section 10,TCH-002,Teacher 02,28.8,37.11,8.31,8.31,38.6129,growth_from_assignment_01,updated_assignment_02
134,SYN-SIS-000134,Synthetic Student 134,10,at_risk,MATH-ALG2,Algebra 2,regular,SEC-010,Algebra 2 - Synthetic Section 10,TCH-002,Teacher 02,50.59,57.76,7.16999999999999,7.17,56.0586,growth_from_assignment_01,updated_assignment_02
140,SYN-SIS-000140,Synthetic Student 140,10,normal,MATH-ALG2,Algebra 2,regular,SEC-009,Algebra 2 - Synthetic Section 09,TCH-002,Teacher 02,32.99,48.46,15.47,15.47,48.2017,growth_from_assignment_01,updated_assignment_02
164,SYN-SIS-000164,Synthetic Student 164,10,at_risk,MATH-ALG2,Algebra 2,regular,SEC-010,Algebra 2 - Synthetic Section 10,TCH-002,Teacher 02,68.82,0,,,,absent_no_update,initialized_assignment_01
189,SYN-SIS-000189,Synthetic Student 189,10,high,MATH-ALG2,Algebra 2,regular,SEC-010,Algebra 2 - Synthetic Section 10,TCH-002,Teacher 02,55.89,61.03,5.14,5.14,58.8212,growth_from_assignment_01,updated_assignment_02
234,SYN-SIS-000234,Synthetic Student 234,10,normal,MATH-ALG2,Algebra 2,regular,SEC-009,Algebra 2 - Synthetic Section 09,TCH-002,Teacher 02,39.95,0,,,,absent_no_update,initialized_assignment_01
235,SYN-SIS-000235,Synthetic Student 235,10,normal,MATH-ALG2,Algebra 2,regular,SEC-010,Algebra 2 - Synthetic Section 10,TCH-002,Teacher 02,19.2,0,,,,absent_no_update,initialized_assignment_01
242,SYN-SIS-000242,Synthetic Student 242,10,high,MATH-ALG2,Algebra 2,regular,SEC-010,Algebra 2 - Synthetic Section 10,TCH-002,Teacher 02,33.04,47.88,14.84,14.84,47.7117,growth_from_assignment_01,updated_assignment_02
244,SYN-SIS-000244,Synthetic Student 244,10,normal,MATH-ALG2,Algebra 2,regular,SEC-009,Algebra 2 - Synthetic Section 09,TCH-002,Teacher 02,75.84,74.31,-1.53,-1.53,70.0405,growth_from_assignment_01,updated_assignment_02
249,SYN-SIS-000249,Synthetic Student 249,10,normal,MATH-ALG2,Algebra 2,regular,SEC-009,Algebra 2 - Synthetic Section 09,TCH-002,Teacher 02,71.19,67.35,-3.84,-3.84,64.1605,growth_from_assignment_01,updated_assignment_02
13,SYN-SIS-000013,Synthetic Student 013,10,high,MATH-ALG2-H,Honors Algebra 2,honors,SEC-014,Honors Algebra 2 - Synthetic Section 14,TCH-003,Teacher 03,63.33,68.87,5.54000000000001,5.54,66.0653,growth_from_assignment_01,updated_assignment_02
27,SYN-SIS-000027,Synthetic Student 027,10,high,MATH-ALG2-H,Honors Algebra 2,honors,SEC-013,Honors Algebra 2 - Synthetic Section 13,TCH-003,Teacher 03,69.32,78.79,9.47000000000001,9.47,74.446,growth_from_assignment_01,updated_assignment_02
94,SYN-SIS-000094,Synthetic Student 094,10,high,MATH-ALG2-H,Honors Algebra 2,honors,SEC-012,Honors Algebra 2 - Synthetic Section 12,TCH-003,Teacher 03,44.12,51.11,6.99,6.99,51.0612,growth_from_assignment_01,updated_assignment_02
98,SYN-SIS-000098,Synthetic Student 098,10,high,MATH-ALG2-H,Honors Algebra 2,honors,SEC-011,Honors Algebra 2 - Synthetic Section 11,TCH-003,Teacher 03,19.08,31.64,12.56,12.56,34.6124,growth_from_assignment_01,updated_assignment_02
109,SYN-SIS-000109,Synthetic Student 109,10,high,MATH-ALG2-H,Honors Algebra 2,honors,SEC-011,Honors Algebra 2 - Synthetic Section 11,TCH-003,Teacher 03,70.02,76.1,6.08,6.08,72.1734,growth_from_assignment_01,updated_assignment_02
120,SYN-SIS-000120,Synthetic Student 120,10,high,MATH-ALG2-H,Honors Algebra 2,honors,SEC-012,Honors Algebra 2 - Synthetic Section 12,TCH-003,Teacher 03,40.57,48.38,7.81,7.81,48.7548,growth_from_assignment_01,updated_assignment_02
148,SYN-SIS-000148,Synthetic Student 148,10,high,MATH-ALG2-H,Honors Algebra 2,honors,SEC-013,Honors Algebra 2 - Synthetic Section 13,TCH-003,Teacher 03,84.38,82.91,-1.47,-1.47,77.9267,growth_from_assignment_01,updated_assignment_02
155,SYN-SIS-000155,Synthetic Student 155,10,normal,MATH-ALG2-H,Honors Algebra 2,honors,SEC-011,Honors Algebra 2 - Synthetic Section 11,TCH-003,Teacher 03,73.62,72.51,-1.11,-1.11,69.1405,growth_from_assignment_01,updated_assignment_02
159,SYN-SIS-000159,Synthetic Student 159,10,high,MATH-ALG2-H,Honors Algebra 2,honors,SEC-012,Honors Algebra 2 - Synthetic Section 12,TCH-003,Teacher 03,33.73,42.88,9.15000000000001,9.15,44.1082,growth_from_assignment_01,updated_assignment_02
174,SYN-SIS-000174,Synthetic Student 174,10,normal,MATH-ALG2-H,Honors Algebra 2,honors,SEC-013,Honors Algebra 2 - Synthetic Section 13,TCH-003,Teacher 03,67.4,63.56,-3.84,-3.84,61.5793,growth_from_assignment_01,updated_assignment_02
181,SYN-SIS-000181,Synthetic Student 181,10,high,MATH-ALG2-H,Honors Algebra 2,honors,SEC-013,Honors Algebra 2 - Synthetic Section 13,TCH-003,Teacher 03,39.24,46.6,7.36,7.36,47.251,growth_from_assignment_01,updated_assignment_02
202,SYN-SIS-000202,Synthetic Student 202,10,normal,MATH-ALG2-H,Honors Algebra 2,honors,SEC-014,Honors Algebra 2 - Synthetic Section 14,TCH-003,Teacher 03,20.39,40.06,19.67,19.67,41.7258,growth_from_assignment_01,updated_assignment_02
230,SYN-SIS-000230,Synthetic Student 230,10,high,MATH-ALG2-H,Honors Algebra 2,honors,SEC-014,Honors Algebra 2 - Synthetic Section 14,TCH-003,Teacher 03,89.2,88,-1.2,-1.2,82.2269,growth_from_assignment_01,updated_assignment_02
237,SYN-SIS-000237,Synthetic Student 237,10,high,MATH-ALG2-H,Honors Algebra 2,honors,SEC-014,Honors Algebra 2 - Synthetic Section 14,TCH-003,Teacher 03,91.23,89.13,-2.10000000000001,-2.1,83.1815,growth_from_assignment_01,updated_assignment_02
238,SYN-SIS-000238,Synthetic Student 238,10,high,MATH-ALG2-H,Honors Algebra 2,honors,SEC-012,Honors Algebra 2 - Synthetic Section 12,TCH-003,Teacher 03,84.19,81.58,-2.61,-2.61,76.8031,growth_from_assignment_01,updated_assignment_02
241,SYN-SIS-000241,Synthetic Student 241,10,normal,MATH-ALG2-H,Honors Algebra 2,honors,SEC-014,Honors Algebra 2 - Synthetic Section 14,TCH-003,Teacher 03,74.44,78.07,3.63,3.63,73.8377,growth_from_assignment_01,updated_assignment_02
257,SYN-SIS-000257,Synthetic Student 257,10,high,MATH-ALG2-H,Honors Algebra 2,honors,SEC-012,Honors Algebra 2 - Synthetic Section 12,TCH-003,Teacher 03,25.67,39.12,13.45,13.45,40.9317,growth_from_assignment_01,updated_assignment_02
26,SYN-SIS-000026,Synthetic Student 026,10,high,MATH-AP-CALC-AB,AP Calculus AB,ap,SEC-022,AP Calculus AB - Synthetic Section 22,TCH-005,Teacher 05,50.09,50.88,0.789999999999999,0.79,51.1772,growth_from_assignment_01,updated_assignment_02
67,SYN-SIS-000067,Synthetic Student 067,10,at_risk,MATH-AP-CALC-AB,AP Calculus AB,ap,SEC-023,AP Calculus AB - Synthetic Section 23,TCH-005,Teacher 05,31.13,0,,,,absent_no_update,initialized_assignment_01
183,SYN-SIS-000183,Synthetic Student 183,10,normal,MATH-AP-CALC-AB,AP Calculus AB,ap,SEC-021,AP Calculus AB - Synthetic Section 21,TCH-005,Teacher 05,40.66,47.93,7.27,7.27,48.685,growth_from_assignment_01,updated_assignment_02
28,SYN-SIS-000028,Synthetic Student 028,10,normal,MATH-AP-PRECALC,AP Precalculus,ap,SEC-017,AP Precalculus - Synthetic Section 17,TCH-004,Teacher 04,78.08,79.63,1.55,1.55,75.466,growth_from_assignment_01,updated_assignment_02
73,SYN-SIS-000073,Synthetic Student 073,10,high,MATH-AP-PRECALC,AP Precalculus,ap,SEC-019,AP Precalculus - Synthetic Section 19,TCH-004,Teacher 04,59.42,67.54,8.12,8.12,65.252,growth_from_assignment_01,updated_assignment_02
78,SYN-SIS-000078,Synthetic Student 078,10,normal,MATH-AP-PRECALC,AP Precalculus,ap,SEC-019,AP Precalculus - Synthetic Section 19,TCH-004,Teacher 04,70.73,72.52,1.78999999999999,1.79,69.4593,growth_from_assignment_01,updated_assignment_02
80,SYN-SIS-000080,Synthetic Student 080,10,normal,MATH-AP-PRECALC,AP Precalculus,ap,SEC-019,AP Precalculus - Synthetic Section 19,TCH-004,Teacher 04,0,69.77,,,67.136,first_evidence_assignment_02,initialized_assignment_02
123,SYN-SIS-000123,Synthetic Student 123,10,normal,MATH-AP-PRECALC,AP Precalculus,ap,SEC-018,AP Precalculus - Synthetic Section 18,TCH-004,Teacher 04,42.04,54.14,12.1,12.1,53.9313,growth_from_assignment_01,updated_assignment_02
152,SYN-SIS-000152,Synthetic Student 152,10,high,MATH-AP-PRECALC,AP Precalculus,ap,SEC-017,AP Precalculus - Synthetic Section 17,TCH-004,Teacher 04,42.17,49.34,7.17,7.17,49.8762,growth_from_assignment_01,updated_assignment_02
176,SYN-SIS-000176,Synthetic Student 176,10,normal,MATH-AP-PRECALC,AP Precalculus,ap,SEC-019,AP Precalculus - Synthetic Section 19,TCH-004,Teacher 04,38.56,47.28,8.72,8.72,48.1358,growth_from_assignment_01,updated_assignment_02
201,SYN-SIS-000201,Synthetic Student 201,10,high,MATH-AP-PRECALC,AP Precalculus,ap,SEC-018,AP Precalculus - Synthetic Section 18,TCH-004,Teacher 04,14.15,33.91,19.76,19.76,36.8405,growth_from_assignment_01,updated_assignment_02
240,SYN-SIS-000240,Synthetic Student 240,10,high,MATH-AP-PRECALC,AP Precalculus,ap,SEC-018,AP Precalculus - Synthetic Section 18,TCH-004,Teacher 04,92.45,90.12,-2.33,-2.33,84.3282,growth_from_assignment_01,updated_assignment_02
258,SYN-SIS-000258,Synthetic Student 258,10,normal,MATH-AP-PRECALC,AP Precalculus,ap,SEC-018,AP Precalculus - Synthetic Section 18,TCH-004,Teacher 04,36.89,44.14,7.25,7.25,45.4831,growth_from_assignment_01,updated_assignment_02
259,SYN-SIS-000259,Synthetic Student 259,10,high,MATH-AP-PRECALC,AP Precalculus,ap,SEC-017,AP Precalculus - Synthetic Section 17,TCH-004,Teacher 04,38.97,51.53,12.56,12.56,51.7263,growth_from_assignment_01,updated_assignment_02
18,SYN-SIS-000018,Synthetic Student 018,10,high,MATH-GEOM,Geometry,regular,SEC-008,Geometry - Synthetic Section 08,TCH-002,Teacher 02,61.66,66.32,4.66,4.66,63.2903,growth_from_assignment_01,updated_assignment_02
30,SYN-SIS-000030,Synthetic Student 030,10,at_risk,MATH-GEOM,Geometry,regular,SEC-008,Geometry - Synthetic Section 08,TCH-002,Teacher 02,20.57,0,,,,absent_no_update,initialized_assignment_01
52,SYN-SIS-000052,Synthetic Student 052,10,high,MATH-GEOM,Geometry,regular,SEC-006,Geometry - Synthetic Section 06,TCH-002,Teacher 02,0,72.51,,,68.5198,first_evidence_assignment_02,initialized_assignment_02
63,SYN-SIS-000063,Synthetic Student 063,10,normal,MATH-GEOM,Geometry,regular,SEC-007,Geometry - Synthetic Section 07,TCH-002,Teacher 02,29.15,42.92,13.77,13.77,43.5213,growth_from_assignment_01,updated_assignment_02
110,SYN-SIS-000110,Synthetic Student 110,10,high,MATH-GEOM,Geometry,regular,SEC-004,Geometry - Synthetic Section 04,TCH-001,Teacher 01,21.51,34.49,12.98,12.98,36.3994,growth_from_assignment_01,updated_assignment_02
122,SYN-SIS-000122,Synthetic Student 122,10,normal,MATH-GEOM,Geometry,regular,SEC-004,Geometry - Synthetic Section 04,TCH-001,Teacher 01,39.27,46.43,7.16,7.16,46.4867,growth_from_assignment_01,updated_assignment_02
128,SYN-SIS-000128,Synthetic Student 128,10,normal,MATH-GEOM,Geometry,regular,SEC-008,Geometry - Synthetic Section 08,TCH-002,Teacher 02,46.07,52.58,6.51,6.51,51.6824,growth_from_assignment_01,updated_assignment_02
145,SYN-SIS-000145,Synthetic Student 145,10,normal,MATH-GEOM,Geometry,regular,SEC-008,Geometry - Synthetic Section 08,TCH-002,Teacher 02,0,45.38,,,45.5996,first_evidence_assignment_02,initialized_assignment_02
165,SYN-SIS-000165,Synthetic Student 165,10,high,MATH-GEOM,Geometry,regular,SEC-005,Geometry - Synthetic Section 05,TCH-001,Teacher 01,30.86,40.63,9.77,9.77,41.5867,growth_from_assignment_01,updated_assignment_02
188,SYN-SIS-000188,Synthetic Student 188,10,high,MATH-GEOM,Geometry,regular,SEC-007,Geometry - Synthetic Section 07,TCH-002,Teacher 02,45.98,47.98,2,2,47.7962,growth_from_assignment_01,updated_assignment_02
198,SYN-SIS-000198,Synthetic Student 198,10,normal,MATH-GEOM,Geometry,regular,SEC-005,Geometry - Synthetic Section 05,TCH-001,Teacher 01,55.66,58.31,2.65000000000001,2.65,56.5232,growth_from_assignment_01,updated_assignment_02
212,SYN-SIS-000212,Synthetic Student 212,10,normal,MATH-GEOM,Geometry,regular,SEC-008,Geometry - Synthetic Section 08,TCH-002,Teacher 02,13.76,22.38,8.62,8.62,26.1686,growth_from_assignment_01,updated_assignment_02
253,SYN-SIS-000253,Synthetic Student 253,10,high,MATH-GEOM,Geometry,regular,SEC-006,Geometry - Synthetic Section 06,TCH-002,Teacher 02,49.54,54.21,4.67,4.67,53.0594,growth_from_assignment_01,updated_assignment_02
266,SYN-SIS-000266,Synthetic Student 266,10,high,MATH-GEOM,Geometry,regular,SEC-006,Geometry - Synthetic Section 06,TCH-002,Teacher 02,34.66,39.57,4.91,4.91,40.6912,growth_from_assignment_01,updated_assignment_02
267,SYN-SIS-000267,Synthetic Student 267,10,normal,MATH-GEOM,Geometry,regular,SEC-004,Geometry - Synthetic Section 04,TCH-001,Teacher 01,58.21,63.26,5.05,5.05,60.7051,growth_from_assignment_01,updated_assignment_02
273,SYN-SIS-000273,Synthetic Student 273,10,at_risk,MATH-GEOM,Geometry,regular,SEC-006,Geometry - Synthetic Section 06,TCH-002,Teacher 02,15.35,0,,,,absent_no_update,initialized_assignment_01
278,SYN-SIS-000278,Synthetic Student 278,10,normal,MATH-GEOM,Geometry,regular,SEC-006,Geometry - Synthetic Section 06,TCH-002,Teacher 02,13.76,30.35,16.59,16.59,32.9019,growth_from_assignment_01,updated_assignment_02
132,SYN-SIS-000132,Synthetic Student 132,10,high,MATH-PRECALC,Precalculus,regular,SEC-015,Precalculus - Synthetic Section 15,TCH-003,Teacher 03,49.62,52.46,2.84,2.84,51.581,growth_from_assignment_01,updated_assignment_02
197,SYN-SIS-000197,Synthetic Student 197,10,high,MATH-PRECALC,Precalculus,regular,SEC-016,Precalculus - Synthetic Section 16,TCH-004,Teacher 04,60.08,66.1,6.02,6.02,63.1044,growth_from_assignment_01,updated_assignment_02
3,SYN-SIS-000003,Synthetic Student 003,11,normal,MATH-ALG2,Algebra 2,regular,SEC-010,Algebra 2 - Synthetic Section 10,TCH-002,Teacher 02,53.34,58.55,5.20999999999999,5.21,57.0046,growth_from_assignment_01,updated_assignment_02
4,SYN-SIS-000004,Synthetic Student 004,11,high,MATH-ALG2,Algebra 2,regular,SEC-009,Algebra 2 - Synthetic Section 09,TCH-002,Teacher 02,51.95,63.69,11.74,11.74,61.347,growth_from_assignment_01,updated_assignment_02
43,SYN-SIS-000043,Synthetic Student 043,11,high,MATH-ALG2,Algebra 2,regular,SEC-010,Algebra 2 - Synthetic Section 10,TCH-002,Teacher 02,12,29.7,17.7,17.7,32.6313,growth_from_assignment_01,updated_assignment_02
64,SYN-SIS-000064,Synthetic Student 064,11,high,MATH-ALG2,Algebra 2,regular,SEC-009,Algebra 2 - Synthetic Section 09,TCH-002,Teacher 02,71.3,70.66,-0.640000000000001,-0.64,67.2354,growth_from_assignment_01,updated_assignment_02
71,SYN-SIS-000071,Synthetic Student 071,11,normal,MATH-ALG2,Algebra 2,regular,SEC-010,Algebra 2 - Synthetic Section 10,TCH-002,Teacher 02,0,76.91,,,72.5156,first_evidence_assignment_02,initialized_assignment_02
133,SYN-SIS-000133,Synthetic Student 133,11,at_risk,MATH-ALG2,Algebra 2,regular,SEC-010,Algebra 2 - Synthetic Section 10,TCH-002,Teacher 02,0,0,,,,absent_no_update,pending_no_present_scores
191,SYN-SIS-000191,Synthetic Student 191,11,high,MATH-ALG2,Algebra 2,regular,SEC-009,Algebra 2 - Synthetic Section 09,TCH-002,Teacher 02,86.76,79.35,-7.41000000000001,-7.41,74.577,growth_from_assignment_01,updated_assignment_02
209,SYN-SIS-000209,Synthetic Student 209,11,high,MATH-ALG2,Algebra 2,regular,SEC-009,Algebra 2 - Synthetic Section 09,TCH-002,Teacher 02,39.11,43.22,4.11,4.11,44.0534,growth_from_assignment_01,updated_assignment_02
218,SYN-SIS-000218,Synthetic Student 218,11,normal,MATH-ALG2,Algebra 2,regular,SEC-010,Algebra 2 - Synthetic Section 10,TCH-002,Teacher 02,42.58,49.47,6.89,6.89,49.3335,growth_from_assignment_01,updated_assignment_02
229,SYN-SIS-000229,Synthetic Student 229,11,normal,MATH-ALG2,Algebra 2,regular,SEC-009,Algebra 2 - Synthetic Section 09,TCH-002,Teacher 02,46.78,50.25,3.47,3.47,49.9925,growth_from_assignment_01,updated_assignment_02
275,SYN-SIS-000275,Synthetic Student 275,11,normal,MATH-ALG2,Algebra 2,regular,SEC-010,Algebra 2 - Synthetic Section 10,TCH-002,Teacher 02,72.14,73.15,1.01000000000001,1.01,69.3391,growth_from_assignment_01,updated_assignment_02
90,SYN-SIS-000090,Synthetic Student 090,11,normal,MATH-ALG2-H,Honors Algebra 2,honors,SEC-012,Honors Algebra 2 - Synthetic Section 12,TCH-003,Teacher 03,0,52.41,,,52.438,first_evidence_assignment_02,initialized_assignment_02
108,SYN-SIS-000108,Synthetic Student 108,11,high,MATH-ALG2-H,Honors Algebra 2,honors,SEC-014,Honors Algebra 2 - Synthetic Section 14,TCH-003,Teacher 03,83.7,87.9,4.2,4.2,82.421,growth_from_assignment_01,updated_assignment_02
130,SYN-SIS-000130,Synthetic Student 130,11,normal,MATH-ALG2-H,Honors Algebra 2,honors,SEC-012,Honors Algebra 2 - Synthetic Section 12,TCH-003,Teacher 03,71.65,74.22,2.56999999999999,2.57,70.8637,growth_from_assignment_01,updated_assignment_02
135,SYN-SIS-000135,Synthetic Student 135,11,normal,MATH-ALG2-H,Honors Algebra 2,honors,SEC-013,Honors Algebra 2 - Synthetic Section 13,TCH-003,Teacher 03,31.72,41.3,9.58,9.58,43.052,growth_from_assignment_01,updated_assignment_02
154,SYN-SIS-000154,Synthetic Student 154,11,normal,MATH-ALG2-H,Honors Algebra 2,honors,SEC-011,Honors Algebra 2 - Synthetic Section 11,TCH-003,Teacher 03,33.76,41.08,7.32,7.32,42.8661,growth_from_assignment_01,updated_assignment_02
192,SYN-SIS-000192,Synthetic Student 192,11,high,MATH-ALG2-H,Honors Algebra 2,honors,SEC-011,Honors Algebra 2 - Synthetic Section 11,TCH-003,Teacher 03,62.58,65.64,3.06,3.06,63.6151,growth_from_assignment_01,updated_assignment_02
255,SYN-SIS-000255,Synthetic Student 255,11,normal,MATH-ALG2-H,Honors Algebra 2,honors,SEC-011,Honors Algebra 2 - Synthetic Section 11,TCH-003,Teacher 03,0,77.63,,,73.7446,first_evidence_assignment_02,initialized_assignment_02
272,SYN-SIS-000272,Synthetic Student 272,11,high,MATH-ALG2-H,Honors Algebra 2,honors,SEC-014,Honors Algebra 2 - Synthetic Section 14,TCH-003,Teacher 03,43.59,51.95,8.36,8.36,52.0494,growth_from_assignment_01,updated_assignment_02
6,SYN-SIS-000006,Synthetic Student 006,11,normal,MATH-AP-CALC-AB,AP Calculus AB,ap,SEC-021,AP Calculus AB - Synthetic Section 21,TCH-005,Teacher 05,91.56,92.3,0.739999999999995,0.74,86.4485,growth_from_assignment_01,updated_assignment_02
9,SYN-SIS-000009,Synthetic Student 009,11,normal,MATH-AP-CALC-AB,AP Calculus AB,ap,SEC-023,AP Calculus AB - Synthetic Section 23,TCH-005,Teacher 05,29.72,39.32,9.6,9.6,41.6896,growth_from_assignment_01,updated_assignment_02
15,SYN-SIS-000015,Synthetic Student 015,11,high,MATH-AP-CALC-AB,AP Calculus AB,ap,SEC-021,AP Calculus AB - Synthetic Section 21,TCH-005,Teacher 05,46.29,52.83,6.54,6.54,53.1032,growth_from_assignment_01,updated_assignment_02
38,SYN-SIS-000038,Synthetic Student 038,11,high,MATH-AP-CALC-AB,AP Calculus AB,ap,SEC-020,AP Calculus AB - Synthetic Section 20,TCH-004,Teacher 04,70.91,72.66,1.75,1.75,69.8561,growth_from_assignment_01,updated_assignment_02
68,SYN-SIS-000068,Synthetic Student 068,11,high,MATH-AP-CALC-AB,AP Calculus AB,ap,SEC-022,AP Calculus AB - Synthetic Section 22,TCH-005,Teacher 05,31.96,43.12,11.16,11.16,44.8999,growth_from_assignment_01,updated_assignment_02
75,SYN-SIS-000075,Synthetic Student 075,11,normal,MATH-AP-CALC-AB,AP Calculus AB,ap,SEC-020,AP Calculus AB - Synthetic Section 20,TCH-004,Teacher 04,91.94,87.43,-4.50999999999999,-4.51,82.3342,growth_from_assignment_01,updated_assignment_02
77,SYN-SIS-000077,Synthetic Student 077,11,normal,MATH-AP-CALC-AB,AP Calculus AB,ap,SEC-020,AP Calculus AB - Synthetic Section 20,TCH-004,Teacher 04,15.89,29.31,13.42,13.42,33.2329,growth_from_assignment_01,updated_assignment_02
82,SYN-SIS-000082,Synthetic Student 082,11,high,MATH-AP-CALC-AB,AP Calculus AB,ap,SEC-021,AP Calculus AB - Synthetic Section 21,TCH-005,Teacher 05,72.74,76.16,3.42,3.42,72.813,growth_from_assignment_01,updated_assignment_02
107,SYN-SIS-000107,Synthetic Student 107,11,normal,MATH-AP-CALC-AB,AP Calculus AB,ap,SEC-020,AP Calculus AB - Synthetic Section 20,TCH-004,Teacher 04,59.4,65.67,6.27,6.27,63.9508,growth_from_assignment_01,updated_assignment_02
139,SYN-SIS-000139,Synthetic Student 139,11,at_risk,MATH-AP-CALC-AB,AP Calculus AB,ap,SEC-022,AP Calculus AB - Synthetic Section 22,TCH-005,Teacher 05,0,67.56,,,65.5475,first_evidence_assignment_02,initialized_assignment_02
147,SYN-SIS-000147,Synthetic Student 147,11,at_risk,MATH-AP-CALC-AB,AP Calculus AB,ap,SEC-020,AP Calculus AB - Synthetic Section 20,TCH-004,Teacher 04,71.64,74.9,3.26000000000001,3.26,71.7485,growth_from_assignment_01,updated_assignment_02
158,SYN-SIS-000158,Synthetic Student 158,11,high,MATH-AP-CALC-AB,AP Calculus AB,ap,SEC-020,AP Calculus AB - Synthetic Section 20,TCH-004,Teacher 04,66.94,70.74,3.8,3.8,68.2341,growth_from_assignment_01,updated_assignment_02
175,SYN-SIS-000175,Synthetic Student 175,11,high,MATH-AP-CALC-AB,AP Calculus AB,ap,SEC-020,AP Calculus AB - Synthetic Section 20,TCH-004,Teacher 04,32.11,38.38,6.27,6.27,40.8954,growth_from_assignment_01,updated_assignment_02
185,SYN-SIS-000185,Synthetic Student 185,11,normal,MATH-AP-CALC-AB,AP Calculus AB,ap,SEC-021,AP Calculus AB - Synthetic Section 21,TCH-005,Teacher 05,19.1,36.62,17.52,17.52,39.4085,growth_from_assignment_01,updated_assignment_02
210,SYN-SIS-000210,Synthetic Student 210,11,normal,MATH-AP-CALC-AB,AP Calculus AB,ap,SEC-022,AP Calculus AB - Synthetic Section 22,TCH-005,Teacher 05,43.85,53.12,9.27,9.27,53.3482,growth_from_assignment_01,updated_assignment_02
223,SYN-SIS-000223,Synthetic Student 223,11,at_risk,MATH-AP-CALC-AB,AP Calculus AB,ap,SEC-023,AP Calculus AB - Synthetic Section 23,TCH-005,Teacher 05,59.53,0,,,,absent_no_update,initialized_assignment_01
226,SYN-SIS-000226,Synthetic Student 226,11,normal,MATH-AP-CALC-AB,AP Calculus AB,ap,SEC-022,AP Calculus AB - Synthetic Section 22,TCH-005,Teacher 05,37.96,48.35,10.39,10.39,49.3184,growth_from_assignment_01,updated_assignment_02
227,SYN-SIS-000227,Synthetic Student 227,11,high,MATH-AP-CALC-AB,AP Calculus AB,ap,SEC-020,AP Calculus AB - Synthetic Section 20,TCH-004,Teacher 04,58.46,63.52,5.06,5.06,62.1344,growth_from_assignment_01,updated_assignment_02
247,SYN-SIS-000247,Synthetic Student 247,11,high,MATH-AP-CALC-AB,AP Calculus AB,ap,SEC-022,AP Calculus AB - Synthetic Section 22,TCH-005,Teacher 05,62.06,65.36,3.3,3.3,63.6889,growth_from_assignment_01,updated_assignment_02
262,SYN-SIS-000262,Synthetic Student 262,11,high,MATH-AP-CALC-AB,AP Calculus AB,ap,SEC-023,AP Calculus AB - Synthetic Section 23,TCH-005,Teacher 05,77.87,73.87,-4,-4,70.8784,growth_from_assignment_01,updated_assignment_02
8,SYN-SIS-000008,Synthetic Student 008,11,normal,MATH-AP-CALC-BC,AP Calculus BC,ap,SEC-025,AP Calculus BC - Synthetic Section 25,TCH-005,Teacher 05,38.76,38.36,-0.399999999999999,-0.4,40.8785,growth_from_assignment_01,updated_assignment_02
136,SYN-SIS-000136,Synthetic Student 136,11,normal,MATH-AP-CALC-BC,AP Calculus BC,ap,SEC-024,AP Calculus BC - Synthetic Section 24,TCH-005,Teacher 05,36.29,40.57,4.28,4.28,42.7456,growth_from_assignment_01,updated_assignment_02
220,SYN-SIS-000220,Synthetic Student 220,11,normal,MATH-AP-CALC-BC,AP Calculus BC,ap,SEC-024,AP Calculus BC - Synthetic Section 24,TCH-005,Teacher 05,63.33,65.39,2.06,2.06,63.7142,growth_from_assignment_01,updated_assignment_02
228,SYN-SIS-000228,Synthetic Student 228,11,high,MATH-AP-CALC-BC,AP Calculus BC,ap,SEC-025,AP Calculus BC - Synthetic Section 25,TCH-005,Teacher 05,13.78,26.64,12.86,12.86,30.9772,growth_from_assignment_01,updated_assignment_02
21,SYN-SIS-000021,Synthetic Student 021,11,normal,MATH-AP-PRECALC,AP Precalculus,ap,SEC-017,AP Precalculus - Synthetic Section 17,TCH-004,Teacher 04,85.46,83.54,-1.91999999999999,-1.92,79.0479,growth_from_assignment_01,updated_assignment_02
37,SYN-SIS-000037,Synthetic Student 037,11,high,MATH-AP-PRECALC,AP Precalculus,ap,SEC-017,AP Precalculus - Synthetic Section 17,TCH-004,Teacher 04,29.3,48.55,19.25,19.25,49.4873,growth_from_assignment_01,updated_assignment_02
41,SYN-SIS-000041,Synthetic Student 041,11,high,MATH-AP-PRECALC,AP Precalculus,ap,SEC-017,AP Precalculus - Synthetic Section 17,TCH-004,Teacher 04,46.07,61.71,15.64,15.64,60.6053,growth_from_assignment_01,updated_assignment_02
60,SYN-SIS-000060,Synthetic Student 060,11,normal,MATH-AP-PRECALC,AP Precalculus,ap,SEC-018,AP Precalculus - Synthetic Section 18,TCH-004,Teacher 04,14.02,26.81,12.79,12.79,31.1208,growth_from_assignment_01,updated_assignment_02
161,SYN-SIS-000161,Synthetic Student 161,11,high,MATH-AP-PRECALC,AP Precalculus,ap,SEC-019,AP Precalculus - Synthetic Section 19,TCH-004,Teacher 04,63.2,65.26,2.06,2.06,63.6044,growth_from_assignment_01,updated_assignment_02
211,SYN-SIS-000211,Synthetic Student 211,11,normal,MATH-AP-PRECALC,AP Precalculus,ap,SEC-019,AP Precalculus - Synthetic Section 19,TCH-004,Teacher 04,49.4,46.94,-2.46,-2.46,48.1272,growth_from_assignment_01,updated_assignment_02
245,SYN-SIS-000245,Synthetic Student 245,11,high,MATH-AP-PRECALC,AP Precalculus,ap,SEC-018,AP Precalculus - Synthetic Section 18,TCH-004,Teacher 04,40.8,46.97,6.17,6.17,48.1525,growth_from_assignment_01,updated_assignment_02
282,SYN-SIS-000282,Synthetic Student 282,11,normal,MATH-AP-PRECALC,AP Precalculus,ap,SEC-018,AP Precalculus - Synthetic Section 18,TCH-004,Teacher 04,77.82,78.79,0.970000000000013,0.97,75.0349,growth_from_assignment_01,updated_assignment_02
47,SYN-SIS-000047,Synthetic Student 047,11,high,MATH-GEOM,Geometry,regular,SEC-004,Geometry - Synthetic Section 04,TCH-001,Teacher 01,45.1,44.66,-0.440000000000005,-0.44,45.2699,growth_from_assignment_01,updated_assignment_02
72,SYN-SIS-000072,Synthetic Student 072,11,normal,MATH-GEOM,Geometry,regular,SEC-003,Geometry - Synthetic Section 03,TCH-001,Teacher 01,25.53,33.11,7.58,7.58,35.5122,growth_from_assignment_01,updated_assignment_02
213,SYN-SIS-000213,Synthetic Student 213,11,at_risk,MATH-GEOM,Geometry,regular,SEC-003,Geometry - Synthetic Section 03,TCH-001,Teacher 01,43.29,44.06,0.770000000000003,0.77,44.763,growth_from_assignment_01,updated_assignment_02
285,SYN-SIS-000285,Synthetic Student 285,11,at_risk,MATH-GEOM,Geometry,regular,SEC-004,Geometry - Synthetic Section 04,TCH-001,Teacher 01,0,64.9,,,62.3692,first_evidence_assignment_02,initialized_assignment_02
286,SYN-SIS-000286,Synthetic Student 286,11,high,MATH-GEOM,Geometry,regular,SEC-005,Geometry - Synthetic Section 05,TCH-001,Teacher 01,35.87,45.22,9.35,9.35,45.743,growth_from_assignment_01,updated_assignment_02
20,SYN-SIS-000020,Synthetic Student 020,11,normal,MATH-PRECALC,Precalculus,regular,SEC-016,Precalculus - Synthetic Section 16,TCH-004,Teacher 04,29.99,0,,,,absent_no_update,initialized_assignment_01
83,SYN-SIS-000083,Synthetic Student 083,11,high,MATH-PRECALC,Precalculus,regular,SEC-016,Precalculus - Synthetic Section 16,TCH-004,Teacher 04,64.29,64.24,-0.0500000000000114,-0.05,61.8116,growth_from_assignment_01,updated_assignment_02
89,SYN-SIS-000089,Synthetic Student 089,11,at_risk,MATH-PRECALC,Precalculus,regular,SEC-015,Precalculus - Synthetic Section 15,TCH-003,Teacher 03,0,0,,,,absent_no_update,pending_no_present_scores
186,SYN-SIS-000186,Synthetic Student 186,11,high,MATH-PRECALC,Precalculus,regular,SEC-015,Precalculus - Synthetic Section 15,TCH-003,Teacher 03,20.65,30.26,9.61,9.61,33.1044,growth_from_assignment_01,updated_assignment_02
203,SYN-SIS-000203,Synthetic Student 203,11,normal,MATH-PRECALC,Precalculus,regular,SEC-016,Precalculus - Synthetic Section 16,TCH-004,Teacher 04,52.95,60.47,7.52,7.52,58.6266,growth_from_assignment_01,updated_assignment_02
264,SYN-SIS-000264,Synthetic Student 264,11,normal,MATH-PRECALC,Precalculus,regular,SEC-015,Precalculus - Synthetic Section 15,TCH-003,Teacher 03,31,45.92,14.92,14.92,46.3344,growth_from_assignment_01,updated_assignment_02
276,SYN-SIS-000276,Synthetic Student 276,11,at_risk,MATH-PRECALC,Precalculus,regular,SEC-016,Precalculus - Synthetic Section 16,TCH-004,Teacher 04,82.38,75.7,-6.67999999999999,-6.68,71.4934,growth_from_assignment_01,updated_assignment_02
5,SYN-SIS-000005,Synthetic Student 005,12,normal,MATH-AP-CALC-AB,AP Calculus AB,ap,SEC-023,AP Calculus AB - Synthetic Section 23,TCH-005,Teacher 05,42.24,48.96,6.72,6.72,50.1123,growth_from_assignment_01,updated_assignment_02
7,SYN-SIS-000007,Synthetic Student 007,12,high,MATH-AP-CALC-AB,AP Calculus AB,ap,SEC-021,AP Calculus AB - Synthetic Section 21,TCH-005,Teacher 05,24.14,38.62,14.48,14.48,41.3768,growth_from_assignment_01,updated_assignment_02
10,SYN-SIS-000010,Synthetic Student 010,12,high,MATH-AP-CALC-AB,AP Calculus AB,ap,SEC-022,AP Calculus AB - Synthetic Section 22,TCH-005,Teacher 05,97.82,87.96,-9.86,-9.86,83.0606,growth_from_assignment_01,updated_assignment_02
36,SYN-SIS-000036,Synthetic Student 036,12,normal,MATH-AP-CALC-AB,AP Calculus AB,ap,SEC-022,AP Calculus AB - Synthetic Section 22,TCH-005,Teacher 05,30.11,39.93,9.82,9.82,42.4835,growth_from_assignment_01,updated_assignment_02
93,SYN-SIS-000093,Synthetic Student 093,12,at_risk,MATH-AP-CALC-AB,AP Calculus AB,ap,SEC-022,AP Calculus AB - Synthetic Section 22,TCH-005,Teacher 05,43.2,47.75,4.55,4.55,49.0901,growth_from_assignment_01,updated_assignment_02
95,SYN-SIS-000095,Synthetic Student 095,12,normal,MATH-AP-CALC-AB,AP Calculus AB,ap,SEC-021,AP Calculus AB - Synthetic Section 21,TCH-005,Teacher 05,65.93,73.46,7.52999999999999,7.53,70.8106,growth_from_assignment_01,updated_assignment_02
96,SYN-SIS-000096,Synthetic Student 096,12,high,MATH-AP-CALC-AB,AP Calculus AB,ap,SEC-020,AP Calculus AB - Synthetic Section 20,TCH-004,Teacher 04,36.35,44.9,8.55,8.55,46.6823,growth_from_assignment_01,updated_assignment_02
101,SYN-SIS-000101,Synthetic Student 101,12,normal,MATH-AP-CALC-AB,AP Calculus AB,ap,SEC-023,AP Calculus AB - Synthetic Section 23,TCH-005,Teacher 05,23.14,36.99,13.85,13.85,39.9997,growth_from_assignment_01,updated_assignment_02
125,SYN-SIS-000125,Synthetic Student 125,12,high,MATH-AP-CALC-AB,AP Calculus AB,ap,SEC-023,AP Calculus AB - Synthetic Section 23,TCH-005,Teacher 05,37.37,48.07,10.7,10.7,49.3604,growth_from_assignment_01,updated_assignment_02
137,SYN-SIS-000137,Synthetic Student 137,12,high,MATH-AP-CALC-AB,AP Calculus AB,ap,SEC-020,AP Calculus AB - Synthetic Section 20,TCH-004,Teacher 04,25.06,30.32,5.26,5.26,34.3647,growth_from_assignment_01,updated_assignment_02
138,SYN-SIS-000138,Synthetic Student 138,12,normal,MATH-AP-CALC-AB,AP Calculus AB,ap,SEC-023,AP Calculus AB - Synthetic Section 23,TCH-005,Teacher 05,34.83,49.4,14.57,14.57,50.484,growth_from_assignment_01,updated_assignment_02
141,SYN-SIS-000141,Synthetic Student 141,12,high,MATH-AP-CALC-AB,AP Calculus AB,ap,SEC-022,AP Calculus AB - Synthetic Section 22,TCH-005,Teacher 05,51.97,58.6,6.63,6.63,58.2564,growth_from_assignment_01,updated_assignment_02
144,SYN-SIS-000144,Synthetic Student 144,12,normal,MATH-AP-CALC-AB,AP Calculus AB,ap,SEC-023,AP Calculus AB - Synthetic Section 23,TCH-005,Teacher 05,42.88,49.63,6.75,6.75,50.6783,growth_from_assignment_01,updated_assignment_02
162,SYN-SIS-000162,Synthetic Student 162,12,normal,MATH-AP-CALC-AB,AP Calculus AB,ap,SEC-023,AP Calculus AB - Synthetic Section 23,TCH-005,Teacher 05,64.51,67.34,2.83,2.83,65.6402,growth_from_assignment_01,updated_assignment_02
163,SYN-SIS-000163,Synthetic Student 163,12,high,MATH-AP-CALC-AB,AP Calculus AB,ap,SEC-022,AP Calculus AB - Synthetic Section 22,TCH-005,Teacher 05,56.11,59.16,3.05,3.05,58.7295,growth_from_assignment_01,updated_assignment_02
179,SYN-SIS-000179,Synthetic Student 179,12,at_risk,MATH-AP-CALC-AB,AP Calculus AB,ap,SEC-021,AP Calculus AB - Synthetic Section 21,TCH-005,Teacher 05,32.28,39.97,7.69,7.69,42.5173,growth_from_assignment_01,updated_assignment_02
182,SYN-SIS-000182,Synthetic Student 182,12,normal,MATH-AP-CALC-AB,AP Calculus AB,ap,SEC-020,AP Calculus AB - Synthetic Section 20,TCH-004,Teacher 04,49.28,0,,,,absent_no_update,initialized_assignment_01
187,SYN-SIS-000187,Synthetic Student 187,12,high,MATH-AP-CALC-AB,AP Calculus AB,ap,SEC-021,AP Calculus AB - Synthetic Section 21,TCH-005,Teacher 05,51.13,53.24,2.11,2.11,53.7282,growth_from_assignment_01,updated_assignment_02
194,SYN-SIS-000194,Synthetic Student 194,12,normal,MATH-AP-CALC-AB,AP Calculus AB,ap,SEC-023,AP Calculus AB - Synthetic Section 23,TCH-005,Teacher 05,34.7,45.37,10.67,10.67,47.0794,growth_from_assignment_01,updated_assignment_02
214,SYN-SIS-000214,Synthetic Student 214,12,at_risk,MATH-AP-CALC-AB,AP Calculus AB,ap,SEC-021,AP Calculus AB - Synthetic Section 21,TCH-005,Teacher 05,67.03,64.37,-2.66,-2.66,63.1311,growth_from_assignment_01,updated_assignment_02
232,SYN-SIS-000232,Synthetic Student 232,12,high,MATH-AP-CALC-AB,AP Calculus AB,ap,SEC-020,AP Calculus AB - Synthetic Section 20,TCH-004,Teacher 04,51.51,55.2,3.69,3.69,55.384,growth_from_assignment_01,updated_assignment_02
233,SYN-SIS-000233,Synthetic Student 233,12,high,MATH-AP-CALC-AB,AP Calculus AB,ap,SEC-023,AP Calculus AB - Synthetic Section 23,TCH-005,Teacher 05,69.69,67.96,-1.73,-1.73,66.164,growth_from_assignment_01,updated_assignment_02
239,SYN-SIS-000239,Synthetic Student 239,12,normal,MATH-AP-CALC-AB,AP Calculus AB,ap,SEC-022,AP Calculus AB - Synthetic Section 22,TCH-005,Teacher 05,44.74,53.83,9.09,9.09,54.2266,growth_from_assignment_01,updated_assignment_02
248,SYN-SIS-000248,Synthetic Student 248,12,normal,MATH-AP-CALC-AB,AP Calculus AB,ap,SEC-021,AP Calculus AB - Synthetic Section 21,TCH-005,Teacher 05,27.44,37.47,10.03,10.03,40.4052,growth_from_assignment_01,updated_assignment_02
256,SYN-SIS-000256,Synthetic Student 256,12,at_risk,MATH-AP-CALC-AB,AP Calculus AB,ap,SEC-020,AP Calculus AB - Synthetic Section 20,TCH-004,Teacher 04,98.96,0,,,,absent_no_update,initialized_assignment_01
277,SYN-SIS-000277,Synthetic Student 277,12,normal,MATH-AP-CALC-AB,AP Calculus AB,ap,SEC-021,AP Calculus AB - Synthetic Section 21,TCH-005,Teacher 05,76.67,78.47,1.8,1.8,75.0432,growth_from_assignment_01,updated_assignment_02
24,SYN-SIS-000024,Synthetic Student 024,12,high,MATH-AP-CALC-BC,AP Calculus BC,ap,SEC-024,AP Calculus BC - Synthetic Section 24,TCH-005,Teacher 05,54.25,57.54,3.29,3.29,57.3609,growth_from_assignment_01,updated_assignment_02
34,SYN-SIS-000034,Synthetic Student 034,12,high,MATH-AP-CALC-BC,AP Calculus BC,ap,SEC-024,AP Calculus BC - Synthetic Section 24,TCH-005,Teacher 05,86.93,83.05,-3.88000000000001,-3.88,78.9125,growth_from_assignment_01,updated_assignment_02
40,SYN-SIS-000040,Synthetic Student 040,12,high,MATH-AP-CALC-BC,AP Calculus BC,ap,SEC-025,AP Calculus BC - Synthetic Section 25,TCH-005,Teacher 05,91.27,86.65,-4.61999999999999,-4.62,81.9538,growth_from_assignment_01,updated_assignment_02
48,SYN-SIS-000048,Synthetic Student 048,12,normal,MATH-AP-CALC-BC,AP Calculus BC,ap,SEC-025,AP Calculus BC - Synthetic Section 25,TCH-005,Teacher 05,58.38,70.31,11.93,11.93,68.1494,growth_from_assignment_01,updated_assignment_02
56,SYN-SIS-000056,Synthetic Student 056,12,normal,MATH-AP-CALC-BC,AP Calculus BC,ap,SEC-025,AP Calculus BC - Synthetic Section 25,TCH-005,Teacher 05,42.55,48.67,6.12,6.12,49.8673,growth_from_assignment_01,updated_assignment_02
103,SYN-SIS-000103,Synthetic Student 103,12,normal,MATH-AP-CALC-BC,AP Calculus BC,ap,SEC-024,AP Calculus BC - Synthetic Section 24,TCH-005,Teacher 05,39.39,49.37,9.98,9.98,50.4587,growth_from_assignment_01,updated_assignment_02
117,SYN-SIS-000117,Synthetic Student 117,12,high,MATH-AP-CALC-BC,AP Calculus BC,ap,SEC-025,AP Calculus BC - Synthetic Section 25,TCH-005,Teacher 05,37.49,42.96,5.47,5.47,45.0433,growth_from_assignment_01,updated_assignment_02
118,SYN-SIS-000118,Synthetic Student 118,12,at_risk,MATH-AP-CALC-BC,AP Calculus BC,ap,SEC-025,AP Calculus BC - Synthetic Section 25,TCH-005,Teacher 05,84.66,87.19,2.53,2.53,82.4101,growth_from_assignment_01,updated_assignment_02
129,SYN-SIS-000129,Synthetic Student 129,12,normal,MATH-AP-CALC-BC,AP Calculus BC,ap,SEC-025,AP Calculus BC - Synthetic Section 25,TCH-005,Teacher 05,87.64,87.45,-0.189999999999998,-0.19,82.6297,growth_from_assignment_01,updated_assignment_02
131,SYN-SIS-000131,Synthetic Student 131,12,normal,MATH-AP-CALC-BC,AP Calculus BC,ap,SEC-024,AP Calculus BC - Synthetic Section 24,TCH-005,Teacher 05,44.14,51.19,7.05,7.05,51.9963,growth_from_assignment_01,updated_assignment_02
153,SYN-SIS-000153,Synthetic Student 153,12,high,MATH-AP-CALC-BC,AP Calculus BC,ap,SEC-024,AP Calculus BC - Synthetic Section 24,TCH-005,Teacher 05,43.31,57.98,14.67,14.67,57.7326,growth_from_assignment_01,updated_assignment_02
168,SYN-SIS-000168,Synthetic Student 168,12,normal,MATH-AP-CALC-BC,AP Calculus BC,ap,SEC-024,AP Calculus BC - Synthetic Section 24,TCH-005,Teacher 05,72.5,70.33,-2.17,-2.17,68.1663,growth_from_assignment_01,updated_assignment_02
169,SYN-SIS-000169,Synthetic Student 169,12,normal,MATH-AP-CALC-BC,AP Calculus BC,ap,SEC-024,AP Calculus BC - Synthetic Section 24,TCH-005,Teacher 05,32.32,43.67,11.35,11.35,45.6432,growth_from_assignment_01,updated_assignment_02
190,SYN-SIS-000190,Synthetic Student 190,12,normal,MATH-AP-CALC-BC,AP Calculus BC,ap,SEC-024,AP Calculus BC - Synthetic Section 24,TCH-005,Teacher 05,56.45,65.33,8.88,8.88,63.9421,growth_from_assignment_01,updated_assignment_02
207,SYN-SIS-000207,Synthetic Student 207,12,high,MATH-AP-CALC-BC,AP Calculus BC,ap,SEC-025,AP Calculus BC - Synthetic Section 25,TCH-005,Teacher 05,23.75,41.93,18.18,18.18,44.1732,growth_from_assignment_01,updated_assignment_02
217,SYN-SIS-000217,Synthetic Student 217,12,high,MATH-AP-CALC-BC,AP Calculus BC,ap,SEC-025,AP Calculus BC - Synthetic Section 25,TCH-005,Teacher 05,49.17,47.81,-1.36,-1.36,49.1407,growth_from_assignment_01,updated_assignment_02
224,SYN-SIS-000224,Synthetic Student 224,12,high,MATH-AP-CALC-BC,AP Calculus BC,ap,SEC-024,AP Calculus BC - Synthetic Section 24,TCH-005,Teacher 05,31.48,35.39,3.91,3.91,38.648,growth_from_assignment_01,updated_assignment_02
252,SYN-SIS-000252,Synthetic Student 252,12,normal,MATH-AP-CALC-BC,AP Calculus BC,ap,SEC-024,AP Calculus BC - Synthetic Section 24,TCH-005,Teacher 05,67.94,69.43,1.49000000000001,1.49,67.4059,growth_from_assignment_01,updated_assignment_02
269,SYN-SIS-000269,Synthetic Student 269,12,normal,MATH-AP-CALC-BC,AP Calculus BC,ap,SEC-025,AP Calculus BC - Synthetic Section 25,TCH-005,Teacher 05,56.18,54.95,-1.23,-1.23,55.1728,growth_from_assignment_01,updated_assignment_02
42,SYN-SIS-000042,Synthetic Student 042,12,high,MATH-AP-PRECALC,AP Precalculus,ap,SEC-017,AP Precalculus - Synthetic Section 17,TCH-004,Teacher 04,54.93,61.84,6.91,6.91,60.9937,growth_from_assignment_01,updated_assignment_02
49,SYN-SIS-000049,Synthetic Student 049,12,at_risk,MATH-AP-PRECALC,AP Precalculus,ap,SEC-017,AP Precalculus - Synthetic Section 17,TCH-004,Teacher 04,73.99,71.21,-2.78,-2.78,68.9097,growth_from_assignment_01,updated_assignment_02
74,SYN-SIS-000074,Synthetic Student 074,12,normal,MATH-AP-PRECALC,AP Precalculus,ap,SEC-017,AP Precalculus - Synthetic Section 17,TCH-004,Teacher 04,34.85,47.6,12.75,12.75,48.9633,growth_from_assignment_01,updated_assignment_02
99,SYN-SIS-000099,Synthetic Student 099,12,at_risk,MATH-AP-PRECALC,AP Precalculus,ap,SEC-018,AP Precalculus - Synthetic Section 18,TCH-004,Teacher 04,57.08,0,,,,absent_no_update,initialized_assignment_01
102,SYN-SIS-000102,Synthetic Student 102,12,high,MATH-AP-PRECALC,AP Precalculus,ap,SEC-019,AP Precalculus - Synthetic Section 19,TCH-004,Teacher 04,16.53,27.43,10.9,10.9,31.9232,growth_from_assignment_01,updated_assignment_02
199,SYN-SIS-000199,Synthetic Student 199,12,normal,MATH-AP-PRECALC,AP Precalculus,ap,SEC-018,AP Precalculus - Synthetic Section 18,TCH-004,Teacher 04,37.67,42.1,4.43,4.43,44.3168,growth_from_assignment_01,updated_assignment_02
284,SYN-SIS-000284,Synthetic Student 284,12,high,MATH-AP-PRECALC,AP Precalculus,ap,SEC-017,AP Precalculus - Synthetic Section 17,TCH-004,Teacher 04,54.19,60.51,6.32,6.32,59.8701,growth_from_assignment_01,updated_assignment_02
44,SYN-SIS-000044,Synthetic Student 044,12,high,MATH-PRECALC,Precalculus,regular,SEC-015,Precalculus - Synthetic Section 15,TCH-003,Teacher 03,36.28,45.38,9.1,9.1,46.1568,growth_from_assignment_01,updated_assignment_02
104,SYN-SIS-000104,Synthetic Student 104,12,normal,MATH-PRECALC,Precalculus,regular,SEC-016,Precalculus - Synthetic Section 16,TCH-004,Teacher 04,70.51,0,,,,absent_no_update,initialized_assignment_01
106,SYN-SIS-000106,Synthetic Student 106,12,normal,MATH-PRECALC,Precalculus,regular,SEC-015,Precalculus - Synthetic Section 15,TCH-003,Teacher 03,49.85,55.7,5.85,5.85,54.8754,growth_from_assignment_01,updated_assignment_02
124,SYN-SIS-000124,Synthetic Student 124,12,normal,MATH-PRECALC,Precalculus,regular,SEC-015,Precalculus - Synthetic Section 15,TCH-003,Teacher 03,62.26,63.93,1.67,1.67,61.8283,growth_from_assignment_01,updated_assignment_02
243,SYN-SIS-000243,Synthetic Student 243,12,normal,MATH-PRECALC,Precalculus,regular,SEC-016,Precalculus - Synthetic Section 16,TCH-004,Teacher 04,83.4,83.37,-0.0300000000000011,-0.03,78.2518,growth_from_assignment_01,updated_assignment_02
250,SYN-SIS-000250,Synthetic Student 250,12,high,MATH-PRECALC,Precalculus,regular,SEC-015,Precalculus - Synthetic Section 15,TCH-003,Teacher 03,95.45,95.18,-0.269999999999996,-0.27,88.2292,growth_from_assignment_01,updated_assignment_02
287,SYN-SIS-000287,Synthetic Student 287,12,high,MATH-PRECALC,Precalculus,regular,SEC-016,Precalculus - Synthetic Section 16,TCH-004,Teacher 04,81.87,73.46,-8.41000000000001,-8.41,69.8795,growth_from_assignment_01,updated_assignment_02
17,SYN-SIS-000017,Synthetic Student 017,9,normal,MATH-ALG1,Algebra 1,regular,SEC-001,Algebra 1 - Synthetic Section 01,TCH-001,Teacher 01,19.36,34.27,14.91,14.91,35.935,growth_from_assignment_01,updated_assignment_02
35,SYN-SIS-000035,Synthetic Student 035,9,high,MATH-ALG1,Algebra 1,regular,SEC-001,Algebra 1 - Synthetic Section 01,TCH-001,Teacher 01,26.77,33.36,6.59,6.59,35.1662,growth_from_assignment_01,updated_assignment_02
46,SYN-SIS-000046,Synthetic Student 046,9,normal,MATH-ALG1,Algebra 1,regular,SEC-001,Algebra 1 - Synthetic Section 01,TCH-001,Teacher 01,46.85,48.99,2.14,2.14,48.3709,growth_from_assignment_01,updated_assignment_02
50,SYN-SIS-000050,Synthetic Student 050,9,high,MATH-ALG1,Algebra 1,regular,SEC-002,Algebra 1 - Synthetic Section 02,TCH-001,Teacher 01,36.23,49.07,12.84,12.84,48.4384,growth_from_assignment_01,updated_assignment_02
65,SYN-SIS-000065,Synthetic Student 065,9,high,MATH-ALG1,Algebra 1,regular,SEC-002,Algebra 1 - Synthetic Section 02,TCH-001,Teacher 01,13.44,26.77,13.33,13.33,29.5988,growth_from_assignment_01,updated_assignment_02
81,SYN-SIS-000081,Synthetic Student 081,9,normal,MATH-ALG1,Algebra 1,regular,SEC-001,Algebra 1 - Synthetic Section 01,TCH-001,Teacher 01,32.12,40.52,8.40000000000001,8.4,41.2152,growth_from_assignment_01,updated_assignment_02
86,SYN-SIS-000086,Synthetic Student 086,9,high,MATH-ALG1,Algebra 1,regular,SEC-002,Algebra 1 - Synthetic Section 02,TCH-001,Teacher 01,8.2,20.43,12.23,12.23,24.2426,growth_from_assignment_01,updated_assignment_02
100,SYN-SIS-000100,Synthetic Student 100,9,high,MATH-ALG1,Algebra 1,regular,SEC-001,Algebra 1 - Synthetic Section 01,TCH-001,Teacher 01,22.94,34.65,11.71,11.71,36.256,growth_from_assignment_01,updated_assignment_02
113,SYN-SIS-000113,Synthetic Student 113,9,normal,MATH-ALG1,Algebra 1,regular,SEC-001,Algebra 1 - Synthetic Section 01,TCH-001,Teacher 01,65.1,70.7,5.60000000000001,5.6,66.7121,growth_from_assignment_01,updated_assignment_02
142,SYN-SIS-000142,Synthetic Student 142,9,high,MATH-ALG1,Algebra 1,regular,SEC-001,Algebra 1 - Synthetic Section 01,TCH-001,Teacher 01,54.67,61.54,6.87,6.87,58.9734,growth_from_assignment_01,updated_assignment_02
171,SYN-SIS-000171,Synthetic Student 171,9,at_risk,MATH-ALG1,Algebra 1,regular,SEC-002,Algebra 1 - Synthetic Section 02,TCH-001,Teacher 01,38.43,45.09,6.66,6.66,45.076,growth_from_assignment_01,updated_assignment_02
172,SYN-SIS-000172,Synthetic Student 172,9,at_risk,MATH-ALG1,Algebra 1,regular,SEC-001,Algebra 1 - Synthetic Section 01,TCH-001,Teacher 01,51.42,0,,,,absent_no_update,initialized_assignment_01
204,SYN-SIS-000204,Synthetic Student 204,9,at_risk,MATH-ALG1,Algebra 1,regular,SEC-002,Algebra 1 - Synthetic Section 02,TCH-001,Teacher 01,27.88,34.02,6.14,6.14,35.7238,growth_from_assignment_01,updated_assignment_02
205,SYN-SIS-000205,Synthetic Student 205,9,normal,MATH-ALG1,Algebra 1,regular,SEC-002,Algebra 1 - Synthetic Section 02,TCH-001,Teacher 01,33.26,39.27,6.01000000000001,6.01,40.1591,growth_from_assignment_01,updated_assignment_02
221,SYN-SIS-000221,Synthetic Student 221,9,normal,MATH-ALG1,Algebra 1,regular,SEC-002,Algebra 1 - Synthetic Section 02,TCH-001,Teacher 01,24.58,39.11,14.53,14.53,40.024,growth_from_assignment_01,updated_assignment_02
225,SYN-SIS-000225,Synthetic Student 225,9,normal,MATH-ALG1,Algebra 1,regular,SEC-001,Algebra 1 - Synthetic Section 01,TCH-001,Teacher 01,48.26,48.47,0.210000000000001,0.21,47.9316,growth_from_assignment_01,updated_assignment_02
231,SYN-SIS-000231,Synthetic Student 231,9,normal,MATH-ALG1,Algebra 1,regular,SEC-002,Algebra 1 - Synthetic Section 02,TCH-001,Teacher 01,26.66,39.47,12.81,12.81,40.3281,growth_from_assignment_01,updated_assignment_02
263,SYN-SIS-000263,Synthetic Student 263,9,high,MATH-ALG1,Algebra 1,regular,SEC-002,Algebra 1 - Synthetic Section 02,TCH-001,Teacher 01,48.3,48.9,0.600000000000001,0.6,48.2948,growth_from_assignment_01,updated_assignment_02
279,SYN-SIS-000279,Synthetic Student 279,9,high,MATH-ALG1,Algebra 1,regular,SEC-001,Algebra 1 - Synthetic Section 01,TCH-001,Teacher 01,21.59,32.21,10.62,10.62,34.1947,growth_from_assignment_01,updated_assignment_02
1,SYN-SIS-000001,Synthetic Student 001,9,high,MATH-ALG2-H,Honors Algebra 2,honors,SEC-013,Honors Algebra 2 - Synthetic Section 13,TCH-003,Teacher 03,40.96,51.58,10.62,10.62,51.1797,growth_from_assignment_01,updated_assignment_02
16,SYN-SIS-000016,Synthetic Student 016,9,normal,MATH-ALG2-H,Honors Algebra 2,honors,SEC-014,Honors Algebra 2 - Synthetic Section 14,TCH-003,Teacher 03,0,68.17,,,65.1953,first_evidence_assignment_02,initialized_assignment_02
31,SYN-SIS-000031,Synthetic Student 031,9,at_risk,MATH-ALG2-H,Honors Algebra 2,honors,SEC-011,Honors Algebra 2 - Synthetic Section 11,TCH-003,Teacher 03,0,52.68,,,52.109,first_evidence_assignment_02,initialized_assignment_02
45,SYN-SIS-000045,Synthetic Student 045,9,normal,MATH-ALG2-H,Honors Algebra 2,honors,SEC-011,Honors Algebra 2 - Synthetic Section 11,TCH-003,Teacher 03,29.9,41.14,11.24,11.24,42.3597,growth_from_assignment_01,updated_assignment_02
55,SYN-SIS-000055,Synthetic Student 055,9,at_risk,MATH-ALG2-H,Honors Algebra 2,honors,SEC-012,Honors Algebra 2 - Synthetic Section 12,TCH-003,Teacher 03,12.49,27.1,14.61,14.61,30.4983,growth_from_assignment_01,updated_assignment_02
57,SYN-SIS-000057,Synthetic Student 057,9,high,MATH-ALG2-H,Honors Algebra 2,honors,SEC-013,Honors Algebra 2 - Synthetic Section 13,TCH-003,Teacher 03,9.23,27.65,18.42,18.42,30.9629,growth_from_assignment_01,updated_assignment_02
92,SYN-SIS-000092,Synthetic Student 092,9,normal,MATH-ALG2-H,Honors Algebra 2,honors,SEC-011,Honors Algebra 2 - Synthetic Section 11,TCH-003,Teacher 03,0,81.36,,,76.3386,first_evidence_assignment_02,initialized_assignment_02
112,SYN-SIS-000112,Synthetic Student 112,9,high,MATH-ALG2-H,Honors Algebra 2,honors,SEC-013,Honors Algebra 2 - Synthetic Section 13,TCH-003,Teacher 03,72.04,72.21,0.169999999999987,0.17,68.6084,growth_from_assignment_01,updated_assignment_02
127,SYN-SIS-000127,Synthetic Student 127,9,normal,MATH-ALG2-H,Honors Algebra 2,honors,SEC-012,Honors Algebra 2 - Synthetic Section 12,TCH-003,Teacher 03,38.22,48.08,9.86,9.86,48.2228,growth_from_assignment_01,updated_assignment_02
160,SYN-SIS-000160,Synthetic Student 160,9,normal,MATH-ALG2-H,Honors Algebra 2,honors,SEC-014,Honors Algebra 2 - Synthetic Section 14,TCH-003,Teacher 03,7.73,28.84,21.11,21.11,31.9683,growth_from_assignment_01,updated_assignment_02
173,SYN-SIS-000173,Synthetic Student 173,9,normal,MATH-ALG2-H,Honors Algebra 2,honors,SEC-012,Honors Algebra 2 - Synthetic Section 12,TCH-003,Teacher 03,8.68,27.64,18.96,18.96,30.9545,growth_from_assignment_01,updated_assignment_02
177,SYN-SIS-000177,Synthetic Student 177,9,high,MATH-ALG2-H,Honors Algebra 2,honors,SEC-014,Honors Algebra 2 - Synthetic Section 14,TCH-003,Teacher 03,65.46,74.56,9.10000000000001,9.1,70.5938,growth_from_assignment_01,updated_assignment_02
196,SYN-SIS-000196,Synthetic Student 196,9,at_risk,MATH-ALG2-H,Honors Algebra 2,honors,SEC-013,Honors Algebra 2 - Synthetic Section 13,TCH-003,Teacher 03,0,59.59,,,57.9467,first_evidence_assignment_02,initialized_assignment_02
236,SYN-SIS-000236,Synthetic Student 236,9,high,MATH-ALG2-H,Honors Algebra 2,honors,SEC-013,Honors Algebra 2 - Synthetic Section 13,TCH-003,Teacher 03,11.03,24.46,13.43,13.43,28.2679,growth_from_assignment_01,updated_assignment_02
251,SYN-SIS-000251,Synthetic Student 251,9,normal,MATH-ALG2-H,Honors Algebra 2,honors,SEC-011,Honors Algebra 2 - Synthetic Section 11,TCH-003,Teacher 03,68.61,71.91,3.3,3.3,68.355,growth_from_assignment_01,updated_assignment_02
271,SYN-SIS-000271,Synthetic Student 271,9,normal,MATH-ALG2-H,Honors Algebra 2,honors,SEC-012,Honors Algebra 2 - Synthetic Section 12,TCH-003,Teacher 03,20.27,31.69,11.42,11.42,34.376,growth_from_assignment_01,updated_assignment_02
274,SYN-SIS-000274,Synthetic Student 274,9,high,MATH-ALG2-H,Honors Algebra 2,honors,SEC-013,Honors Algebra 2 - Synthetic Section 13,TCH-003,Teacher 03,36.15,45.66,9.51,9.51,46.1783,growth_from_assignment_01,updated_assignment_02
281,SYN-SIS-000281,Synthetic Student 281,9,high,MATH-ALG2-H,Honors Algebra 2,honors,SEC-011,Honors Algebra 2 - Synthetic Section 11,TCH-003,Teacher 03,0,41.99,,,43.0778,first_evidence_assignment_02,initialized_assignment_02
11,SYN-SIS-000011,Synthetic Student 011,9,normal,MATH-AP-PRECALC,AP Precalculus,ap,SEC-019,AP Precalculus - Synthetic Section 19,TCH-004,Teacher 04,49.94,56.99,7.05,7.05,56.0605,growth_from_assignment_01,updated_assignment_02
51,SYN-SIS-000051,Synthetic Student 051,9,high,MATH-AP-PRECALC,AP Precalculus,ap,SEC-018,AP Precalculus - Synthetic Section 18,TCH-004,Teacher 04,34.23,48.55,14.32,14.32,48.9302,growth_from_assignment_01,updated_assignment_02
53,SYN-SIS-000053,Synthetic Student 053,9,high,MATH-AP-PRECALC,AP Precalculus,ap,SEC-019,AP Precalculus - Synthetic Section 19,TCH-004,Teacher 04,64.26,64.08,-0.180000000000007,-0.18,62.0503,growth_from_assignment_01,updated_assignment_02
12,SYN-SIS-000012,Synthetic Student 012,9,normal,MATH-GEOM,Geometry,regular,SEC-008,Geometry - Synthetic Section 08,TCH-002,Teacher 02,38.58,37.66,-0.920000000000002,-0.92,38.799,growth_from_assignment_01,updated_assignment_02
19,SYN-SIS-000019,Synthetic Student 019,9,high,MATH-GEOM,Geometry,regular,SEC-005,Geometry - Synthetic Section 05,TCH-001,Teacher 01,17.4,33.09,15.69,15.69,34.9381,growth_from_assignment_01,updated_assignment_02
22,SYN-SIS-000022,Synthetic Student 022,9,high,MATH-GEOM,Geometry,regular,SEC-005,Geometry - Synthetic Section 05,TCH-001,Teacher 01,21.86,43.74,21.88,21.88,43.9355,growth_from_assignment_01,updated_assignment_02
25,SYN-SIS-000025,Synthetic Student 025,9,high,MATH-GEOM,Geometry,regular,SEC-003,Geometry - Synthetic Section 03,TCH-001,Teacher 01,26.12,40.97,14.85,14.85,41.5953,growth_from_assignment_01,updated_assignment_02
29,SYN-SIS-000029,Synthetic Student 029,9,high,MATH-GEOM,Geometry,regular,SEC-008,Geometry - Synthetic Section 08,TCH-002,Teacher 02,51.95,62.6,10.65,10.65,59.869,growth_from_assignment_01,updated_assignment_02
32,SYN-SIS-000032,Synthetic Student 032,9,normal,MATH-GEOM,Geometry,regular,SEC-006,Geometry - Synthetic Section 06,TCH-002,Teacher 02,44.9,46.36,1.46,1.46,46.149,growth_from_assignment_01,updated_assignment_02
39,SYN-SIS-000039,Synthetic Student 039,9,normal,MATH-GEOM,Geometry,regular,SEC-007,Geometry - Synthetic Section 07,TCH-002,Teacher 02,0,0,,,,absent_no_update,pending_no_present_scores
54,SYN-SIS-000054,Synthetic Student 054,9,high,MATH-GEOM,Geometry,regular,SEC-007,Geometry - Synthetic Section 07,TCH-002,Teacher 02,31.26,31.22,-0.0400000000000027,-0.04,33.3583,growth_from_assignment_01,updated_assignment_02
58,SYN-SIS-000058,Synthetic Student 058,9,normal,MATH-GEOM,Geometry,regular,SEC-007,Geometry - Synthetic Section 07,TCH-002,Teacher 02,28.4,35.76,7.36,7.36,37.1938,growth_from_assignment_01,updated_assignment_02
62,SYN-SIS-000062,Synthetic Student 062,9,high,MATH-GEOM,Geometry,regular,SEC-003,Geometry - Synthetic Section 03,TCH-001,Teacher 01,32.75,38.08,5.33,5.33,39.1538,growth_from_assignment_01,updated_assignment_02
70,SYN-SIS-000070,Synthetic Student 070,9,normal,MATH-GEOM,Geometry,regular,SEC-008,Geometry - Synthetic Section 08,TCH-002,Teacher 02,29.14,35.82,6.68,6.68,37.2445,growth_from_assignment_01,updated_assignment_02
84,SYN-SIS-000084,Synthetic Student 084,9,normal,MATH-GEOM,Geometry,regular,SEC-004,Geometry - Synthetic Section 04,TCH-001,Teacher 01,54.01,56.32,2.31,2.31,54.5634,growth_from_assignment_01,updated_assignment_02
85,SYN-SIS-000085,Synthetic Student 085,9,normal,MATH-GEOM,Geometry,regular,SEC-007,Geometry - Synthetic Section 07,TCH-002,Teacher 02,33.23,37.2,3.97000000000001,3.97,38.4103,growth_from_assignment_01,updated_assignment_02
105,SYN-SIS-000105,Synthetic Student 105,9,high,MATH-GEOM,Geometry,regular,SEC-007,Geometry - Synthetic Section 07,TCH-002,Teacher 02,12.79,31.24,18.45,18.45,33.3752,growth_from_assignment_01,updated_assignment_02
111,SYN-SIS-000111,Synthetic Student 111,9,high,MATH-GEOM,Geometry,regular,SEC-003,Geometry - Synthetic Section 03,TCH-001,Teacher 01,18.02,30.79,12.77,12.77,32.995,growth_from_assignment_01,updated_assignment_02
114,SYN-SIS-000114,Synthetic Student 114,9,normal,MATH-GEOM,Geometry,regular,SEC-006,Geometry - Synthetic Section 06,TCH-002,Teacher 02,12.36,15.67,3.31,3.31,20.2212,growth_from_assignment_01,updated_assignment_02
116,SYN-SIS-000116,Synthetic Student 116,9,at_risk,MATH-GEOM,Geometry,regular,SEC-006,Geometry - Synthetic Section 06,TCH-002,Teacher 02,0,0,,,,absent_no_update,pending_no_present_scores
119,SYN-SIS-000119,Synthetic Student 119,9,normal,MATH-GEOM,Geometry,regular,SEC-005,Geometry - Synthetic Section 05,TCH-001,Teacher 01,43.97,47.7,3.73,3.73,47.281,growth_from_assignment_01,updated_assignment_02
126,SYN-SIS-000126,Synthetic Student 126,9,high,MATH-GEOM,Geometry,regular,SEC-005,Geometry - Synthetic Section 05,TCH-001,Teacher 01,21.55,31.12,9.57,9.57,33.2738,growth_from_assignment_01,updated_assignment_02
143,SYN-SIS-000143,Synthetic Student 143,9,high,MATH-GEOM,Geometry,regular,SEC-007,Geometry - Synthetic Section 07,TCH-002,Teacher 02,39.74,49.36,9.62,9.62,48.6834,growth_from_assignment_01,updated_assignment_02
146,SYN-SIS-000146,Synthetic Student 146,9,normal,MATH-GEOM,Geometry,regular,SEC-006,Geometry - Synthetic Section 06,TCH-002,Teacher 02,43.35,50.24,6.89,6.89,49.4269,growth_from_assignment_01,updated_assignment_02
149,SYN-SIS-000149,Synthetic Student 149,9,high,MATH-GEOM,Geometry,regular,SEC-003,Geometry - Synthetic Section 03,TCH-001,Teacher 01,40.78,45.51,4.73,4.73,45.4309,growth_from_assignment_01,updated_assignment_02
150,SYN-SIS-000150,Synthetic Student 150,9,normal,MATH-GEOM,Geometry,regular,SEC-005,Geometry - Synthetic Section 05,TCH-001,Teacher 01,79.51,75.58,-3.93000000000001,-3.93,70.8348,growth_from_assignment_01,updated_assignment_02
151,SYN-SIS-000151,Synthetic Student 151,9,high,MATH-GEOM,Geometry,regular,SEC-006,Geometry - Synthetic Section 06,TCH-002,Teacher 02,21.84,33.78,11.94,11.94,35.521,growth_from_assignment_01,updated_assignment_02
156,SYN-SIS-000156,Synthetic Student 156,9,high,MATH-GEOM,Geometry,regular,SEC-007,Geometry - Synthetic Section 07,TCH-002,Teacher 02,29.98,40.2,10.22,10.22,40.9448,growth_from_assignment_01,updated_assignment_02
157,SYN-SIS-000157,Synthetic Student 157,9,high,MATH-GEOM,Geometry,regular,SEC-005,Geometry - Synthetic Section 05,TCH-001,Teacher 01,66.49,75.79,9.30000000000001,9.3,71.0122,growth_from_assignment_01,updated_assignment_02
166,SYN-SIS-000166,Synthetic Student 166,9,high,MATH-GEOM,Geometry,regular,SEC-007,Geometry - Synthetic Section 07,TCH-002,Teacher 02,22.6,28.55,5.95,5.95,31.1026,growth_from_assignment_01,updated_assignment_02
167,SYN-SIS-000167,Synthetic Student 167,9,normal,MATH-GEOM,Geometry,regular,SEC-005,Geometry - Synthetic Section 05,TCH-001,Teacher 01,54.73,58.57,3.84,3.84,56.4643,growth_from_assignment_01,updated_assignment_02
170,SYN-SIS-000170,Synthetic Student 170,9,normal,MATH-GEOM,Geometry,regular,SEC-003,Geometry - Synthetic Section 03,TCH-001,Teacher 01,40.28,48.31,8.03,8.03,47.7964,growth_from_assignment_01,updated_assignment_02
178,SYN-SIS-000178,Synthetic Student 178,9,at_risk,MATH-GEOM,Geometry,regular,SEC-006,Geometry - Synthetic Section 06,TCH-002,Teacher 02,56.07,0,,,,absent_no_update,initialized_assignment_01
180,SYN-SIS-000180,Synthetic Student 180,9,normal,MATH-GEOM,Geometry,regular,SEC-007,Geometry - Synthetic Section 07,TCH-002,Teacher 02,38.68,44.17,5.49,5.49,44.2988,growth_from_assignment_01,updated_assignment_02
184,SYN-SIS-000184,Synthetic Student 184,9,normal,MATH-GEOM,Geometry,regular,SEC-003,Geometry - Synthetic Section 03,TCH-001,Teacher 01,33.62,40.5,6.88,6.88,41.1983,growth_from_assignment_01,updated_assignment_02
193,SYN-SIS-000193,Synthetic Student 193,9,normal,MATH-GEOM,Geometry,regular,SEC-008,Geometry - Synthetic Section 08,TCH-002,Teacher 02,21.99,30.74,8.75,8.75,32.9528,growth_from_assignment_01,updated_assignment_02
195,SYN-SIS-000195,Synthetic Student 195,9,normal,MATH-GEOM,Geometry,regular,SEC-004,Geometry - Synthetic Section 04,TCH-001,Teacher 01,49.29,53.17,3.88,3.88,51.9022,growth_from_assignment_01,updated_assignment_02
200,SYN-SIS-000200,Synthetic Student 200,9,high,MATH-GEOM,Geometry,regular,SEC-003,Geometry - Synthetic Section 03,TCH-001,Teacher 01,76.68,77.89,1.20999999999999,1.21,72.7864,growth_from_assignment_01,updated_assignment_02
206,SYN-SIS-000206,Synthetic Student 206,9,high,MATH-GEOM,Geometry,regular,SEC-005,Geometry - Synthetic Section 05,TCH-001,Teacher 01,70.85,72.42,1.57000000000001,1.57,68.1652,growth_from_assignment_01,updated_assignment_02
208,SYN-SIS-000208,Synthetic Student 208,9,at_risk,MATH-GEOM,Geometry,regular,SEC-004,Geometry - Synthetic Section 04,TCH-001,Teacher 01,0,65.03,,,61.9219,first_evidence_assignment_02,initialized_assignment_02
215,SYN-SIS-000215,Synthetic Student 215,9,high,MATH-GEOM,Geometry,regular,SEC-003,Geometry - Synthetic Section 03,TCH-001,Teacher 01,48,49.59,1.59,1.59,48.8778,growth_from_assignment_01,updated_assignment_02
216,SYN-SIS-000216,Synthetic Student 216,9,normal,MATH-GEOM,Geometry,regular,SEC-008,Geometry - Synthetic Section 08,TCH-002,Teacher 02,29.52,37.99,8.47,8.47,39.0778,growth_from_assignment_01,updated_assignment_02
219,SYN-SIS-000219,Synthetic Student 219,9,normal,MATH-GEOM,Geometry,regular,SEC-005,Geometry - Synthetic Section 05,TCH-001,Teacher 01,88.88,0,,,,absent_no_update,initialized_assignment_01
222,SYN-SIS-000222,Synthetic Student 222,9,at_risk,MATH-GEOM,Geometry,regular,SEC-007,Geometry - Synthetic Section 07,TCH-002,Teacher 02,0,65.94,,,62.6907,first_evidence_assignment_02,initialized_assignment_02
246,SYN-SIS-000246,Synthetic Student 246,9,normal,MATH-GEOM,Geometry,regular,SEC-006,Geometry - Synthetic Section 06,TCH-002,Teacher 02,85.53,82.93,-2.59999999999999,-2.6,77.0443,growth_from_assignment_01,updated_assignment_02
260,SYN-SIS-000260,Synthetic Student 260,9,normal,MATH-GEOM,Geometry,regular,SEC-003,Geometry - Synthetic Section 03,TCH-001,Teacher 01,27.39,38.9,11.51,11.51,39.8466,growth_from_assignment_01,updated_assignment_02
261,SYN-SIS-000261,Synthetic Student 261,9,at_risk,MATH-GEOM,Geometry,regular,SEC-004,Geometry - Synthetic Section 04,TCH-001,Teacher 01,78.01,0,,,,absent_no_update,initialized_assignment_01
265,SYN-SIS-000265,Synthetic Student 265,9,high,MATH-GEOM,Geometry,regular,SEC-004,Geometry - Synthetic Section 04,TCH-001,Teacher 01,36.27,48.07,11.8,11.8,47.5936,growth_from_assignment_01,updated_assignment_02
268,SYN-SIS-000268,Synthetic Student 268,9,normal,MATH-GEOM,Geometry,regular,SEC-004,Geometry - Synthetic Section 04,TCH-001,Teacher 01,35.1,0,,,,absent_no_update,initialized_assignment_01
270,SYN-SIS-000270,Synthetic Student 270,9,high,MATH-GEOM,Geometry,regular,SEC-004,Geometry - Synthetic Section 04,TCH-001,Teacher 01,7.28,25.15,17.87,17.87,28.2302,growth_from_assignment_01,updated_assignment_02
280,SYN-SIS-000280,Synthetic Student 280,9,high,MATH-GEOM,Geometry,regular,SEC-008,Geometry - Synthetic Section 08,TCH-002,Teacher 02,9.67,31.53,21.86,21.86,33.6202,growth_from_assignment_01,updated_assignment_02
283,SYN-SIS-000283,Synthetic Student 283,9,normal,MATH-GEOM,Geometry,regular,SEC-003,Geometry - Synthetic Section 03,TCH-001,Teacher 01,38.95,38.91,-0.0400000000000063,-0.04,39.855,growth_from_assignment_01,updated_assignment_02
