course_id,course_name,course_track,section_id,section_label,teacher_id,teacher_label,assignment_label,sequence_index,assessment_window,enrolled_students,present_students,nonparticipation_rate,avg_present_score,min_present_score,max_present_score
MATH-ALG1,Algebra 1,regular,Y00-SEC-001,Algebra 1 - Synthetic Section 01-01,TCH-001,Teacher 01,Assignment 01,1,beginning_of_year,11,10,0.0909,31.2,11.52,91.85
MATH-ALG1,Algebra 1,regular,Y00-SEC-001,Algebra 1 - Synthetic Section 01-01,TCH-001,Teacher 01,Assignment 02,2,end_of_year,11,11,0.0,43.29,21.55,94.94
MATH-ALG1,Algebra 1,regular,Y00-SEC-002,Algebra 1 - Synthetic Section 01-02,TCH-001,Teacher 01,Assignment 01,1,beginning_of_year,10,9,0.1,31.42,10.9,73.3
MATH-ALG1,Algebra 1,regular,Y00-SEC-002,Algebra 1 - Synthetic Section 01-02,TCH-001,Teacher 01,Assignment 02,2,end_of_year,10,10,0.0,40.25,15.75,74.41
MATH-ALG1,Algebra 1,regular,Y01-SEC-001,Algebra 1 - Synthetic Section 02-01,TCH-001,Teacher 01,Assignment 03,3,beginning_of_year,13,11,0.1538,35.93,4.91,61.4
MATH-ALG1,Algebra 1,regular,Y01-SEC-001,Algebra 1 - Synthetic Section 02-01,TCH-001,Teacher 01,Assignment 04,4,end_of_year,13,12,0.0769,44.12,13.74,63.66
MATH-ALG1,Algebra 1,regular,Y02-SEC-001,Algebra 1 - Synthetic Section 03-01,TCH-001,Teacher 01,Assignment 05,5,beginning_of_year,13,12,0.0769,34.42,12.62,65.0
MATH-ALG1,Algebra 1,regular,Y02-SEC-001,Algebra 1 - Synthetic Section 03-01,TCH-001,Teacher 01,Assignment 06,6,end_of_year,13,11,0.1538,40.89,18.5,78.15
MATH-ALG1,Algebra 1,regular,Y03-SEC-001,Algebra 1 - Synthetic Section 04-01,TCH-001,Teacher 01,Assignment 07,7,beginning_of_year,8,7,0.125,37.15,24.36,66.77
MATH-ALG1,Algebra 1,regular,Y03-SEC-001,Algebra 1 - Synthetic Section 04-01,TCH-001,Teacher 01,Assignment 08,8,end_of_year,8,8,0.0,45.81,32.74,72.62
MATH-ALG1,Algebra 1,regular,Y03-SEC-002,Algebra 1 - Synthetic Section 04-02,TCH-001,Teacher 01,Assignment 07,7,beginning_of_year,8,8,0.0,35.26,16.64,61.35
MATH-ALG1,Algebra 1,regular,Y03-SEC-002,Algebra 1 - Synthetic Section 04-02,TCH-001,Teacher 01,Assignment 08,8,end_of_year,8,7,0.125,42.61,20.09,69.39
MATH-ALG1,Algebra 1,regular,Y04-SEC-001,Algebra 1 - Synthetic Section 05-01,TCH-001,Teacher 01,Assignment 09,9,beginning_of_year,10,9,0.1,43.04,34.21,59.75
MATH-ALG1,Algebra 1,regular,Y04-SEC-001,Algebra 1 - Synthetic Section 05-01,TCH-001,Teacher 01,Assignment 10,10,end_of_year,10,10,0.0,48.46,30.22,64.35
MATH-ALG1,Algebra 1,regular,Y04-SEC-002,Algebra 1 - Synthetic Section 05-02,TCH-001,Teacher 01,Assignment 09,9,beginning_of_year,9,9,0.0,45.48,20.53,85.1
MATH-ALG1,Algebra 1,regular,Y04-SEC-002,Algebra 1 - Synthetic Section 05-02,TCH-001,Teacher 01,Assignment 10,10,end_of_year,9,8,0.1111,54.59,28.12,87.58
MATH-ALG1,Algebra 1,regular,Y05-SEC-001,Algebra 1 - Synthetic Section 06-01,TCH-001,Teacher 01,Assignment 11,11,beginning_of_year,13,11,0.1538,48.65,11.14,89.91
MATH-ALG1,Algebra 1,regular,Y05-SEC-001,Algebra 1 - Synthetic Section 06-01,TCH-001,Teacher 01,Assignment 12,12,end_of_year,13,12,0.0769,46.79,19.69,88.92
MATH-ALG1,Algebra 1,regular,Y06-SEC-001,Algebra 1 - Synthetic Section 07-01,TCH-001,Teacher 01,Assignment 13,13,beginning_of_year,13,13,0.0,42.09,5.31,79.02
MATH-ALG1,Algebra 1,regular,Y06-SEC-001,Algebra 1 - Synthetic Section 07-01,TCH-001,Teacher 01,Assignment 14,14,end_of_year,13,13,0.0,49.22,21.01,80.15
MATH-ALG2,Algebra 2,regular,Y00-SEC-009,Algebra 2 - Synthetic Section 01-09,TCH-002,Teacher 02,Assignment 01,1,beginning_of_year,12,11,0.0833,43.59,16.45,77.21
MATH-ALG2,Algebra 2,regular,Y00-SEC-009,Algebra 2 - Synthetic Section 01-09,TCH-002,Teacher 02,Assignment 02,2,end_of_year,12,10,0.1667,44.18,26.0,80.29
MATH-ALG2,Algebra 2,regular,Y00-SEC-010,Algebra 2 - Synthetic Section 01-10,TCH-002,Teacher 02,Assignment 01,1,beginning_of_year,12,11,0.0833,52.73,23.81,95.39
MATH-ALG2,Algebra 2,regular,Y00-SEC-010,Algebra 2 - Synthetic Section 01-10,TCH-002,Teacher 02,Assignment 02,2,end_of_year,12,11,0.0833,59.45,30.77,91.22
MATH-ALG2,Algebra 2,regular,Y00-SEC-011,Algebra 2 - Synthetic Section 01-11,TCH-003,Teacher 03,Assignment 01,1,beginning_of_year,11,10,0.0909,46.23,19.39,93.93
MATH-ALG2,Algebra 2,regular,Y00-SEC-011,Algebra 2 - Synthetic Section 01-11,TCH-003,Teacher 03,Assignment 02,2,end_of_year,11,11,0.0,52.18,25.07,99.28
MATH-ALG2,Algebra 2,regular,Y01-SEC-006,Algebra 2 - Synthetic Section 02-06,TCH-002,Teacher 02,Assignment 03,3,beginning_of_year,11,10,0.0909,30.74,11.2,49.17
MATH-ALG2,Algebra 2,regular,Y01-SEC-006,Algebra 2 - Synthetic Section 02-06,TCH-002,Teacher 02,Assignment 04,4,end_of_year,11,10,0.0909,40.63,23.16,55.4
MATH-ALG2,Algebra 2,regular,Y01-SEC-007,Algebra 2 - Synthetic Section 02-07,TCH-002,Teacher 02,Assignment 03,3,beginning_of_year,11,11,0.0,34.94,12.43,48.86
MATH-ALG2,Algebra 2,regular,Y01-SEC-007,Algebra 2 - Synthetic Section 02-07,TCH-002,Teacher 02,Assignment 04,4,end_of_year,11,11,0.0,42.31,20.57,58.58
MATH-ALG2,Algebra 2,regular,Y01-SEC-008,Algebra 2 - Synthetic Section 02-08,TCH-002,Teacher 02,Assignment 03,3,beginning_of_year,11,10,0.0909,32.94,10.06,54.0
MATH-ALG2,Algebra 2,regular,Y01-SEC-008,Algebra 2 - Synthetic Section 02-08,TCH-002,Teacher 02,Assignment 04,4,end_of_year,11,11,0.0,40.34,18.33,60.71
MATH-ALG2,Algebra 2,regular,Y01-SEC-009,Algebra 2 - Synthetic Section 02-09,TCH-002,Teacher 02,Assignment 03,3,beginning_of_year,10,8,0.2,34.61,8.95,53.75
MATH-ALG2,Algebra 2,regular,Y01-SEC-009,Algebra 2 - Synthetic Section 02-09,TCH-002,Teacher 02,Assignment 04,4,end_of_year,10,10,0.0,42.68,21.55,63.45
MATH-ALG2,Algebra 2,regular,Y02-SEC-006,Algebra 2 - Synthetic Section 03-06,TCH-002,Teacher 02,Assignment 05,5,beginning_of_year,13,11,0.1538,35.2,18.08,49.18
MATH-ALG2,Algebra 2,regular,Y02-SEC-006,Algebra 2 - Synthetic Section 03-06,TCH-002,Teacher 02,Assignment 06,6,end_of_year,13,12,0.0769,41.09,26.18,53.55
MATH-ALG2,Algebra 2,regular,Y02-SEC-007,Algebra 2 - Synthetic Section 03-07,TCH-002,Teacher 02,Assignment 05,5,beginning_of_year,13,12,0.0769,34.73,9.77,53.45
MATH-ALG2,Algebra 2,regular,Y02-SEC-007,Algebra 2 - Synthetic Section 03-07,TCH-002,Teacher 02,Assignment 06,6,end_of_year,13,13,0.0,42.01,23.53,58.26
MATH-ALG2,Algebra 2,regular,Y02-SEC-008,Algebra 2 - Synthetic Section 03-08,TCH-002,Teacher 02,Assignment 05,5,beginning_of_year,13,13,0.0,33.54,19.54,56.93
MATH-ALG2,Algebra 2,regular,Y02-SEC-008,Algebra 2 - Synthetic Section 03-08,TCH-002,Teacher 02,Assignment 06,6,end_of_year,13,13,0.0,37.58,22.3,57.37
MATH-ALG2,Algebra 2,regular,Y03-SEC-007,Algebra 2 - Synthetic Section 04-07,TCH-002,Teacher 02,Assignment 07,7,beginning_of_year,12,11,0.0833,32.1,16.18,48.08
MATH-ALG2,Algebra 2,regular,Y03-SEC-007,Algebra 2 - Synthetic Section 04-07,TCH-002,Teacher 02,Assignment 08,8,end_of_year,12,11,0.0833,40.03,25.34,53.92
MATH-ALG2,Algebra 2,regular,Y03-SEC-008,Algebra 2 - Synthetic Section 04-08,TCH-002,Teacher 02,Assignment 07,7,beginning_of_year,11,10,0.0909,34.14,14.71,52.57
MATH-ALG2,Algebra 2,regular,Y03-SEC-008,Algebra 2 - Synthetic Section 04-08,TCH-002,Teacher 02,Assignment 08,8,end_of_year,11,10,0.0909,42.36,19.92,60.34
MATH-ALG2,Algebra 2,regular,Y03-SEC-009,Algebra 2 - Synthetic Section 04-09,TCH-002,Teacher 02,Assignment 07,7,beginning_of_year,11,11,0.0,41.59,14.88,56.29
MATH-ALG2,Algebra 2,regular,Y03-SEC-009,Algebra 2 - Synthetic Section 04-09,TCH-002,Teacher 02,Assignment 08,8,end_of_year,11,11,0.0,46.81,22.97,69.29
MATH-ALG2,Algebra 2,regular,Y04-SEC-008,Algebra 2 - Synthetic Section 05-08,TCH-002,Teacher 02,Assignment 09,9,beginning_of_year,13,13,0.0,38.34,21.39,56.38
MATH-ALG2,Algebra 2,regular,Y04-SEC-008,Algebra 2 - Synthetic Section 05-08,TCH-002,Teacher 02,Assignment 10,10,end_of_year,13,12,0.0769,42.98,27.64,55.0
MATH-ALG2,Algebra 2,regular,Y04-SEC-009,Algebra 2 - Synthetic Section 05-09,TCH-002,Teacher 02,Assignment 09,9,beginning_of_year,13,11,0.1538,35.54,16.28,52.79
MATH-ALG2,Algebra 2,regular,Y04-SEC-009,Algebra 2 - Synthetic Section 05-09,TCH-002,Teacher 02,Assignment 10,10,end_of_year,13,13,0.0,42.11,27.09,60.55
MATH-ALG2,Algebra 2,regular,Y04-SEC-010,Algebra 2 - Synthetic Section 05-10,TCH-002,Teacher 02,Assignment 09,9,beginning_of_year,13,11,0.1538,37.87,8.39,59.41
MATH-ALG2,Algebra 2,regular,Y04-SEC-010,Algebra 2 - Synthetic Section 05-10,TCH-002,Teacher 02,Assignment 10,10,end_of_year,13,13,0.0,44.74,19.7,59.21
MATH-ALG2,Algebra 2,regular,Y05-SEC-006,Algebra 2 - Synthetic Section 06-06,TCH-002,Teacher 02,Assignment 11,11,beginning_of_year,12,12,0.0,43.74,25.78,55.18
MATH-ALG2,Algebra 2,regular,Y05-SEC-006,Algebra 2 - Synthetic Section 06-06,TCH-002,Teacher 02,Assignment 12,12,end_of_year,12,9,0.25,52.83,36.38,59.43
MATH-ALG2,Algebra 2,regular,Y05-SEC-007,Algebra 2 - Synthetic Section 06-07,TCH-002,Teacher 02,Assignment 11,11,beginning_of_year,11,8,0.2727,33.08,18.38,49.68
MATH-ALG2,Algebra 2,regular,Y05-SEC-007,Algebra 2 - Synthetic Section 06-07,TCH-002,Teacher 02,Assignment 12,12,end_of_year,11,11,0.0,44.97,31.37,61.17
MATH-ALG2,Algebra 2,regular,Y05-SEC-008,Algebra 2 - Synthetic Section 06-08,TCH-002,Teacher 02,Assignment 11,11,beginning_of_year,11,11,0.0,34.95,22.02,41.64
MATH-ALG2,Algebra 2,regular,Y05-SEC-008,Algebra 2 - Synthetic Section 06-08,TCH-002,Teacher 02,Assignment 12,12,end_of_year,11,11,0.0,44.02,34.81,53.88
MATH-ALG2,Algebra 2,regular,Y05-SEC-009,Algebra 2 - Synthetic Section 06-09,TCH-002,Teacher 02,Assignment 11,11,beginning_of_year,11,10,0.0909,33.81,8.62,56.91
MATH-ALG2,Algebra 2,regular,Y05-SEC-009,Algebra 2 - Synthetic Section 06-09,TCH-002,Teacher 02,Assignment 12,12,end_of_year,11,9,0.1818,35.51,15.37,57.2
MATH-ALG2,Algebra 2,regular,Y06-SEC-006,Algebra 2 - Synthetic Section 07-06,TCH-002,Teacher 02,Assignment 13,13,beginning_of_year,12,12,0.0,39.3,15.97,53.12
MATH-ALG2,Algebra 2,regular,Y06-SEC-006,Algebra 2 - Synthetic Section 07-06,TCH-002,Teacher 02,Assignment 14,14,end_of_year,12,11,0.0833,48.63,29.22,62.81
MATH-ALG2,Algebra 2,regular,Y06-SEC-007,Algebra 2 - Synthetic Section 07-07,TCH-002,Teacher 02,Assignment 13,13,beginning_of_year,12,12,0.0,38.64,21.08,49.51
MATH-ALG2,Algebra 2,regular,Y06-SEC-007,Algebra 2 - Synthetic Section 07-07,TCH-002,Teacher 02,Assignment 14,14,end_of_year,12,12,0.0,44.42,27.77,56.42
MATH-ALG2,Algebra 2,regular,Y06-SEC-008,Algebra 2 - Synthetic Section 07-08,TCH-002,Teacher 02,Assignment 13,13,beginning_of_year,12,11,0.0833,36.62,17.39,49.57
MATH-ALG2,Algebra 2,regular,Y06-SEC-008,Algebra 2 - Synthetic Section 07-08,TCH-002,Teacher 02,Assignment 14,14,end_of_year,12,10,0.1667,43.51,15.31,57.97
MATH-ALG2-H,Honors Algebra 2,honors,Y00-SEC-012,Honors Algebra 2 - Synthetic Section 01-12,TCH-003,Teacher 03,Assignment 01,1,beginning_of_year,11,11,0.0,62.77,35.67,90.68
MATH-ALG2-H,Honors Algebra 2,honors,Y00-SEC-012,Honors Algebra 2 - Synthetic Section 01-12,TCH-003,Teacher 03,Assignment 02,2,end_of_year,11,9,0.1818,72.07,40.78,98.19
MATH-ALG2-H,Honors Algebra 2,honors,Y00-SEC-013,Honors Algebra 2 - Synthetic Section 01-13,TCH-003,Teacher 03,Assignment 01,1,beginning_of_year,11,11,0.0,50.21,24.61,69.54
MATH-ALG2-H,Honors Algebra 2,honors,Y00-SEC-013,Honors Algebra 2 - Synthetic Section 01-13,TCH-003,Teacher 03,Assignment 02,2,end_of_year,11,11,0.0,54.21,31.77,72.3
MATH-ALG2-H,Honors Algebra 2,honors,Y00-SEC-014,Honors Algebra 2 - Synthetic Section 01-14,TCH-003,Teacher 03,Assignment 01,1,beginning_of_year,11,10,0.0909,41.85,10.69,73.41
MATH-ALG2-H,Honors Algebra 2,honors,Y00-SEC-014,Honors Algebra 2 - Synthetic Section 01-14,TCH-003,Teacher 03,Assignment 02,2,end_of_year,11,10,0.0909,47.94,17.96,76.85
MATH-ALG2-H,Honors Algebra 2,honors,Y00-SEC-015,Honors Algebra 2 - Synthetic Section 01-15,TCH-003,Teacher 03,Assignment 01,1,beginning_of_year,10,10,0.0,49.51,11.89,81.41
MATH-ALG2-H,Honors Algebra 2,honors,Y00-SEC-015,Honors Algebra 2 - Synthetic Section 01-15,TCH-003,Teacher 03,Assignment 02,2,end_of_year,10,10,0.0,56.43,25.9,81.33
MATH-ALG2-H,Honors Algebra 2,honors,Y01-SEC-010,Honors Algebra 2 - Synthetic Section 02-10,TCH-003,Teacher 03,Assignment 03,3,beginning_of_year,14,12,0.1429,68.05,3.75,94.05
MATH-ALG2-H,Honors Algebra 2,honors,Y01-SEC-010,Honors Algebra 2 - Synthetic Section 02-10,TCH-003,Teacher 03,Assignment 04,4,end_of_year,14,12,0.1429,67.38,15.28,99.57
MATH-ALG2-H,Honors Algebra 2,honors,Y01-SEC-011,Honors Algebra 2 - Synthetic Section 02-11,TCH-003,Teacher 03,Assignment 03,3,beginning_of_year,13,13,0.0,70.08,44.75,95.77
MATH-ALG2-H,Honors Algebra 2,honors,Y01-SEC-011,Honors Algebra 2 - Synthetic Section 02-11,TCH-003,Teacher 03,Assignment 04,4,end_of_year,13,12,0.0769,75.39,54.94,100.0
MATH-ALG2-H,Honors Algebra 2,honors,Y01-SEC-012,Honors Algebra 2 - Synthetic Section 02-12,TCH-003,Teacher 03,Assignment 03,3,beginning_of_year,13,12,0.0769,59.04,24.67,82.09
MATH-ALG2-H,Honors Algebra 2,honors,Y01-SEC-012,Honors Algebra 2 - Synthetic Section 02-12,TCH-003,Teacher 03,Assignment 04,4,end_of_year,13,12,0.0769,66.08,34.67,86.36
MATH-ALG2-H,Honors Algebra 2,honors,Y02-SEC-009,Honors Algebra 2 - Synthetic Section 03-09,TCH-003,Teacher 03,Assignment 05,5,beginning_of_year,14,14,0.0,56.79,13.93,83.13
MATH-ALG2-H,Honors Algebra 2,honors,Y02-SEC-009,Honors Algebra 2 - Synthetic Section 03-09,TCH-003,Teacher 03,Assignment 06,6,end_of_year,14,14,0.0,61.57,23.19,88.05
MATH-ALG2-H,Honors Algebra 2,honors,Y02-SEC-010,Honors Algebra 2 - Synthetic Section 03-10,TCH-003,Teacher 03,Assignment 05,5,beginning_of_year,13,10,0.2308,57.34,28.22,93.85
MATH-ALG2-H,Honors Algebra 2,honors,Y02-SEC-010,Honors Algebra 2 - Synthetic Section 03-10,TCH-003,Teacher 03,Assignment 06,6,end_of_year,13,12,0.0769,60.54,32.03,99.31
MATH-ALG2-H,Honors Algebra 2,honors,Y03-SEC-010,Honors Algebra 2 - Synthetic Section 04-10,TCH-003,Teacher 03,Assignment 07,7,beginning_of_year,10,9,0.1,55.07,32.07,84.9
MATH-ALG2-H,Honors Algebra 2,honors,Y03-SEC-010,Honors Algebra 2 - Synthetic Section 04-10,TCH-003,Teacher 03,Assignment 08,8,end_of_year,10,10,0.0,60.67,35.89,89.45
MATH-ALG2-H,Honors Algebra 2,honors,Y03-SEC-011,Honors Algebra 2 - Synthetic Section 04-11,TCH-003,Teacher 03,Assignment 07,7,beginning_of_year,10,8,0.2,57.16,26.62,82.1
MATH-ALG2-H,Honors Algebra 2,honors,Y03-SEC-011,Honors Algebra 2 - Synthetic Section 04-11,TCH-003,Teacher 03,Assignment 08,8,end_of_year,10,8,0.2,57.28,25.96,92.57
MATH-ALG2-H,Honors Algebra 2,honors,Y03-SEC-012,Honors Algebra 2 - Synthetic Section 04-12,TCH-003,Teacher 03,Assignment 07,7,beginning_of_year,9,8,0.1111,53.49,31.57,78.45
MATH-ALG2-H,Honors Algebra 2,honors,Y03-SEC-012,Honors Algebra 2 - Synthetic Section 04-12,TCH-003,Teacher 03,Assignment 08,8,end_of_year,9,8,0.1111,62.17,36.73,84.45
MATH-ALG2-H,Honors Algebra 2,honors,Y04-SEC-011,Honors Algebra 2 - Synthetic Section 05-11,TCH-003,Teacher 03,Assignment 09,9,beginning_of_year,12,12,0.0,54.5,16.27,79.52
MATH-ALG2-H,Honors Algebra 2,honors,Y04-SEC-011,Honors Algebra 2 - Synthetic Section 05-11,TCH-003,Teacher 03,Assignment 10,10,end_of_year,12,12,0.0,61.72,20.69,90.86
MATH-ALG2-H,Honors Algebra 2,honors,Y04-SEC-012,Honors Algebra 2 - Synthetic Section 05-12,TCH-003,Teacher 03,Assignment 09,9,beginning_of_year,11,9,0.1818,55.06,21.08,84.78
MATH-ALG2-H,Honors Algebra 2,honors,Y04-SEC-012,Honors Algebra 2 - Synthetic Section 05-12,TCH-003,Teacher 03,Assignment 10,10,end_of_year,11,10,0.0909,59.5,33.08,90.09
MATH-ALG2-H,Honors Algebra 2,honors,Y04-SEC-013,Honors Algebra 2 - Synthetic Section 05-13,TCH-003,Teacher 03,Assignment 09,9,beginning_of_year,11,10,0.0909,53.97,28.48,76.19
MATH-ALG2-H,Honors Algebra 2,honors,Y04-SEC-013,Honors Algebra 2 - Synthetic Section 05-13,TCH-003,Teacher 03,Assignment 10,10,end_of_year,11,10,0.0909,59.87,36.29,83.5
MATH-ALG2-H,Honors Algebra 2,honors,Y05-SEC-010,Honors Algebra 2 - Synthetic Section 06-10,TCH-003,Teacher 03,Assignment 11,11,beginning_of_year,11,11,0.0,63.56,15.76,89.35
MATH-ALG2-H,Honors Algebra 2,honors,Y05-SEC-010,Honors Algebra 2 - Synthetic Section 06-10,TCH-003,Teacher 03,Assignment 12,12,end_of_year,11,7,0.3636,68.88,25.65,98.49
MATH-ALG2-H,Honors Algebra 2,honors,Y05-SEC-011,Honors Algebra 2 - Synthetic Section 06-11,TCH-003,Teacher 03,Assignment 11,11,beginning_of_year,11,9,0.1818,54.34,35.87,70.58
MATH-ALG2-H,Honors Algebra 2,honors,Y05-SEC-011,Honors Algebra 2 - Synthetic Section 06-11,TCH-003,Teacher 03,Assignment 12,12,end_of_year,11,11,0.0,63.4,40.81,78.38
MATH-ALG2-H,Honors Algebra 2,honors,Y05-SEC-012,Honors Algebra 2 - Synthetic Section 06-12,TCH-003,Teacher 03,Assignment 11,11,beginning_of_year,10,8,0.2,63.73,41.06,78.91
MATH-ALG2-H,Honors Algebra 2,honors,Y05-SEC-012,Honors Algebra 2 - Synthetic Section 06-12,TCH-003,Teacher 03,Assignment 12,12,end_of_year,10,9,0.1,74.92,50.79,90.44
MATH-ALG2-H,Honors Algebra 2,honors,Y06-SEC-009,Honors Algebra 2 - Synthetic Section 07-09,TCH-003,Teacher 03,Assignment 13,13,beginning_of_year,14,14,0.0,65.05,29.29,87.05
MATH-ALG2-H,Honors Algebra 2,honors,Y06-SEC-009,Honors Algebra 2 - Synthetic Section 07-09,TCH-003,Teacher 03,Assignment 14,14,end_of_year,14,14,0.0,70.62,31.93,97.31
MATH-ALG2-H,Honors Algebra 2,honors,Y06-SEC-010,Honors Algebra 2 - Synthetic Section 07-10,TCH-003,Teacher 03,Assignment 13,13,beginning_of_year,14,12,0.1429,63.05,44.02,82.9
MATH-ALG2-H,Honors Algebra 2,honors,Y06-SEC-010,Honors Algebra 2 - Synthetic Section 07-10,TCH-003,Teacher 03,Assignment 14,14,end_of_year,14,14,0.0,66.4,21.34,90.52
MATH-AP-CALC-AB,AP Calculus AB,ap,Y00-SEC-021,AP Calculus AB - Synthetic Section 01-21,TCH-005,Teacher 05,Assignment 01,1,beginning_of_year,13,11,0.1538,58.9,20.8,100.0
MATH-AP-CALC-AB,AP Calculus AB,ap,Y00-SEC-021,AP Calculus AB - Synthetic Section 01-21,TCH-005,Teacher 05,Assignment 02,2,end_of_year,13,10,0.2308,66.46,28.04,96.28
MATH-AP-CALC-AB,AP Calculus AB,ap,Y00-SEC-022,AP Calculus AB - Synthetic Section 01-22,TCH-005,Teacher 05,Assignment 01,1,beginning_of_year,12,12,0.0,51.06,29.63,70.23
MATH-AP-CALC-AB,AP Calculus AB,ap,Y00-SEC-022,AP Calculus AB - Synthetic Section 01-22,TCH-005,Teacher 05,Assignment 02,2,end_of_year,12,12,0.0,57.59,40.98,81.2
MATH-AP-CALC-AB,AP Calculus AB,ap,Y00-SEC-023,AP Calculus AB - Synthetic Section 01-23,TCH-005,Teacher 05,Assignment 01,1,beginning_of_year,12,11,0.0833,57.49,30.43,80.12
MATH-AP-CALC-AB,AP Calculus AB,ap,Y00-SEC-023,AP Calculus AB - Synthetic Section 01-23,TCH-005,Teacher 05,Assignment 02,2,end_of_year,12,12,0.0,61.52,34.57,88.05
MATH-AP-CALC-AB,AP Calculus AB,ap,Y00-SEC-024,AP Calculus AB - Synthetic Section 01-24,TCH-005,Teacher 05,Assignment 01,1,beginning_of_year,12,11,0.0833,55.69,9.23,90.07
MATH-AP-CALC-AB,AP Calculus AB,ap,Y00-SEC-024,AP Calculus AB - Synthetic Section 01-24,TCH-005,Teacher 05,Assignment 02,2,end_of_year,12,10,0.1667,61.7,17.64,95.17
MATH-AP-CALC-AB,AP Calculus AB,ap,Y01-SEC-020,AP Calculus AB - Synthetic Section 02-20,TCH-005,Teacher 05,Assignment 03,3,beginning_of_year,14,14,0.0,51.82,18.02,83.16
MATH-AP-CALC-AB,AP Calculus AB,ap,Y01-SEC-020,AP Calculus AB - Synthetic Section 02-20,TCH-005,Teacher 05,Assignment 04,4,end_of_year,14,14,0.0,57.63,24.4,90.34
MATH-AP-CALC-AB,AP Calculus AB,ap,Y01-SEC-021,AP Calculus AB - Synthetic Section 02-21,TCH-005,Teacher 05,Assignment 03,3,beginning_of_year,13,13,0.0,46.88,15.36,83.13
MATH-AP-CALC-AB,AP Calculus AB,ap,Y01-SEC-021,AP Calculus AB - Synthetic Section 02-21,TCH-005,Teacher 05,Assignment 04,4,end_of_year,13,11,0.1538,56.49,35.33,90.55
MATH-AP-CALC-AB,AP Calculus AB,ap,Y02-SEC-017,AP Calculus AB - Synthetic Section 03-17,TCH-005,Teacher 05,Assignment 05,5,beginning_of_year,12,11,0.0833,43.86,16.61,77.95
MATH-AP-CALC-AB,AP Calculus AB,ap,Y02-SEC-017,AP Calculus AB - Synthetic Section 03-17,TCH-005,Teacher 05,Assignment 06,6,end_of_year,12,12,0.0,51.92,30.28,82.64
MATH-AP-CALC-AB,AP Calculus AB,ap,Y02-SEC-018,AP Calculus AB - Synthetic Section 03-18,TCH-005,Teacher 05,Assignment 05,5,beginning_of_year,12,12,0.0,45.49,21.06,71.01
MATH-AP-CALC-AB,AP Calculus AB,ap,Y02-SEC-018,AP Calculus AB - Synthetic Section 03-18,TCH-005,Teacher 05,Assignment 06,6,end_of_year,12,11,0.0833,51.55,23.34,86.5
MATH-AP-CALC-AB,AP Calculus AB,ap,Y02-SEC-019,AP Calculus AB - Synthetic Section 03-19,TCH-005,Teacher 05,Assignment 05,5,beginning_of_year,12,12,0.0,58.51,35.04,91.7
MATH-AP-CALC-AB,AP Calculus AB,ap,Y02-SEC-019,AP Calculus AB - Synthetic Section 03-19,TCH-005,Teacher 05,Assignment 06,6,end_of_year,12,12,0.0,62.46,35.46,90.32
MATH-AP-CALC-AB,AP Calculus AB,ap,Y02-SEC-020,AP Calculus AB - Synthetic Section 03-20,TCH-005,Teacher 05,Assignment 05,5,beginning_of_year,11,11,0.0,56.19,39.65,81.35
MATH-AP-CALC-AB,AP Calculus AB,ap,Y02-SEC-020,AP Calculus AB - Synthetic Section 03-20,TCH-005,Teacher 05,Assignment 06,6,end_of_year,11,7,0.3636,61.17,49.51,81.41
MATH-AP-CALC-AB,AP Calculus AB,ap,Y02-SEC-021,AP Calculus AB - Synthetic Section 03-21,TCH-004,Teacher 04,Assignment 05,5,beginning_of_year,11,10,0.0909,59.59,34.71,79.07
MATH-AP-CALC-AB,AP Calculus AB,ap,Y02-SEC-021,AP Calculus AB - Synthetic Section 03-21,TCH-004,Teacher 04,Assignment 06,6,end_of_year,11,10,0.0909,62.03,35.69,78.96
MATH-AP-CALC-AB,AP Calculus AB,ap,Y03-SEC-019,AP Calculus AB - Synthetic Section 04-19,TCH-005,Teacher 05,Assignment 07,7,beginning_of_year,14,14,0.0,50.68,12.14,74.93
MATH-AP-CALC-AB,AP Calculus AB,ap,Y03-SEC-019,AP Calculus AB - Synthetic Section 04-19,TCH-005,Teacher 05,Assignment 08,8,end_of_year,14,14,0.0,54.35,14.97,73.51
MATH-AP-CALC-AB,AP Calculus AB,ap,Y03-SEC-020,AP Calculus AB - Synthetic Section 04-20,TCH-005,Teacher 05,Assignment 07,7,beginning_of_year,14,11,0.2143,53.23,20.35,71.63
MATH-AP-CALC-AB,AP Calculus AB,ap,Y03-SEC-020,AP Calculus AB - Synthetic Section 04-20,TCH-005,Teacher 05,Assignment 08,8,end_of_year,14,12,0.1429,55.11,33.25,71.07
MATH-AP-CALC-AB,AP Calculus AB,ap,Y03-SEC-021,AP Calculus AB - Synthetic Section 04-21,TCH-005,Teacher 05,Assignment 07,7,beginning_of_year,13,12,0.0769,45.63,18.6,72.38
MATH-AP-CALC-AB,AP Calculus AB,ap,Y03-SEC-021,AP Calculus AB - Synthetic Section 04-21,TCH-005,Teacher 05,Assignment 08,8,end_of_year,13,11,0.1538,51.13,23.65,74.49
MATH-AP-CALC-AB,AP Calculus AB,ap,Y03-SEC-022,AP Calculus AB - Synthetic Section 04-22,TCH-005,Teacher 05,Assignment 07,7,beginning_of_year,13,12,0.0769,46.78,19.57,70.81
MATH-AP-CALC-AB,AP Calculus AB,ap,Y03-SEC-022,AP Calculus AB - Synthetic Section 04-22,TCH-005,Teacher 05,Assignment 08,8,end_of_year,13,12,0.0769,53.0,29.35,80.21
MATH-AP-CALC-AB,AP Calculus AB,ap,Y04-SEC-020,AP Calculus AB - Synthetic Section 05-20,TCH-005,Teacher 05,Assignment 09,9,beginning_of_year,11,11,0.0,45.12,19.91,62.73
MATH-AP-CALC-AB,AP Calculus AB,ap,Y04-SEC-020,AP Calculus AB - Synthetic Section 05-20,TCH-005,Teacher 05,Assignment 10,10,end_of_year,11,11,0.0,49.94,26.54,62.36
MATH-AP-CALC-AB,AP Calculus AB,ap,Y04-SEC-021,AP Calculus AB - Synthetic Section 05-21,TCH-005,Teacher 05,Assignment 09,9,beginning_of_year,11,11,0.0,49.22,27.47,72.59
MATH-AP-CALC-AB,AP Calculus AB,ap,Y04-SEC-021,AP Calculus AB - Synthetic Section 05-21,TCH-005,Teacher 05,Assignment 10,10,end_of_year,11,11,0.0,53.18,35.03,74.37
MATH-AP-CALC-AB,AP Calculus AB,ap,Y04-SEC-022,AP Calculus AB - Synthetic Section 05-22,TCH-005,Teacher 05,Assignment 09,9,beginning_of_year,11,11,0.0,44.14,33.53,70.53
MATH-AP-CALC-AB,AP Calculus AB,ap,Y04-SEC-022,AP Calculus AB - Synthetic Section 05-22,TCH-005,Teacher 05,Assignment 10,10,end_of_year,11,10,0.0909,49.87,42.13,59.52
MATH-AP-CALC-AB,AP Calculus AB,ap,Y04-SEC-023,AP Calculus AB - Synthetic Section 05-23,TCH-005,Teacher 05,Assignment 09,9,beginning_of_year,10,9,0.1,46.85,23.22,71.02
MATH-AP-CALC-AB,AP Calculus AB,ap,Y04-SEC-023,AP Calculus AB - Synthetic Section 05-23,TCH-005,Teacher 05,Assignment 10,10,end_of_year,10,9,0.1,54.47,33.59,73.84
MATH-AP-CALC-AB,AP Calculus AB,ap,Y05-SEC-019,AP Calculus AB - Synthetic Section 06-19,TCH-005,Teacher 05,Assignment 11,11,beginning_of_year,12,12,0.0,37.6,20.86,72.22
MATH-AP-CALC-AB,AP Calculus AB,ap,Y05-SEC-019,AP Calculus AB - Synthetic Section 06-19,TCH-005,Teacher 05,Assignment 12,12,end_of_year,12,12,0.0,46.69,30.88,75.0
MATH-AP-CALC-AB,AP Calculus AB,ap,Y05-SEC-020,AP Calculus AB - Synthetic Section 06-20,TCH-005,Teacher 05,Assignment 11,11,beginning_of_year,11,10,0.0909,53.57,36.12,79.74
MATH-AP-CALC-AB,AP Calculus AB,ap,Y05-SEC-020,AP Calculus AB - Synthetic Section 06-20,TCH-005,Teacher 05,Assignment 12,12,end_of_year,11,9,0.1818,54.77,42.09,80.01
MATH-AP-CALC-AB,AP Calculus AB,ap,Y05-SEC-021,AP Calculus AB - Synthetic Section 06-21,TCH-005,Teacher 05,Assignment 11,11,beginning_of_year,11,11,0.0,51.71,33.9,72.6
MATH-AP-CALC-AB,AP Calculus AB,ap,Y05-SEC-021,AP Calculus AB - Synthetic Section 06-21,TCH-005,Teacher 05,Assignment 12,12,end_of_year,11,10,0.0909,59.31,46.66,77.22
MATH-AP-CALC-AB,AP Calculus AB,ap,Y05-SEC-022,AP Calculus AB - Synthetic Section 06-22,TCH-005,Teacher 05,Assignment 11,11,beginning_of_year,11,11,0.0,48.14,20.33,67.75
MATH-AP-CALC-AB,AP Calculus AB,ap,Y05-SEC-022,AP Calculus AB - Synthetic Section 06-22,TCH-005,Teacher 05,Assignment 12,12,end_of_year,11,10,0.0909,54.48,28.07,66.67
MATH-AP-CALC-AB,AP Calculus AB,ap,Y06-SEC-018,AP Calculus AB - Synthetic Section 07-18,TCH-005,Teacher 05,Assignment 13,13,beginning_of_year,14,13,0.0714,49.39,24.76,74.05
MATH-AP-CALC-AB,AP Calculus AB,ap,Y06-SEC-018,AP Calculus AB - Synthetic Section 07-18,TCH-005,Teacher 05,Assignment 14,14,end_of_year,14,14,0.0,55.95,33.17,78.98
MATH-AP-CALC-AB,AP Calculus AB,ap,Y06-SEC-019,AP Calculus AB - Synthetic Section 07-19,TCH-005,Teacher 05,Assignment 13,13,beginning_of_year,14,13,0.0714,51.38,28.72,79.15
MATH-AP-CALC-AB,AP Calculus AB,ap,Y06-SEC-019,AP Calculus AB - Synthetic Section 07-19,TCH-005,Teacher 05,Assignment 14,14,end_of_year,14,13,0.0714,55.58,35.25,80.54
MATH-AP-CALC-AB,AP Calculus AB,ap,Y06-SEC-020,AP Calculus AB - Synthetic Section 07-20,TCH-005,Teacher 05,Assignment 13,13,beginning_of_year,14,14,0.0,52.4,30.95,74.5
MATH-AP-CALC-AB,AP Calculus AB,ap,Y06-SEC-020,AP Calculus AB - Synthetic Section 07-20,TCH-005,Teacher 05,Assignment 14,14,end_of_year,14,12,0.1429,59.57,24.52,80.36
MATH-AP-CALC-AB,AP Calculus AB,ap,Y06-SEC-021,AP Calculus AB - Synthetic Section 07-21,TCH-005,Teacher 05,Assignment 13,13,beginning_of_year,13,13,0.0,46.01,23.24,62.74
MATH-AP-CALC-AB,AP Calculus AB,ap,Y06-SEC-021,AP Calculus AB - Synthetic Section 07-21,TCH-005,Teacher 05,Assignment 14,14,end_of_year,13,12,0.0769,48.31,22.46,66.74
MATH-AP-CALC-BC,AP Calculus BC,ap,Y00-SEC-025,AP Calculus BC - Synthetic Section 01-25,TCH-005,Teacher 05,Assignment 01,1,beginning_of_year,12,12,0.0,61.34,16.94,100.0
MATH-AP-CALC-BC,AP Calculus BC,ap,Y00-SEC-025,AP Calculus BC - Synthetic Section 01-25,TCH-005,Teacher 05,Assignment 02,2,end_of_year,12,10,0.1667,70.73,41.2,100.0
MATH-AP-CALC-BC,AP Calculus BC,ap,Y00-SEC-026,AP Calculus BC - Synthetic Section 01-26,TCH-005,Teacher 05,Assignment 01,1,beginning_of_year,11,11,0.0,62.6,39.51,97.17
MATH-AP-CALC-BC,AP Calculus BC,ap,Y00-SEC-026,AP Calculus BC - Synthetic Section 01-26,TCH-005,Teacher 05,Assignment 02,2,end_of_year,11,10,0.0909,70.46,55.24,99.43
MATH-AP-CALC-BC,AP Calculus BC,ap,Y01-SEC-022,AP Calculus BC - Synthetic Section 02-22,TCH-005,Teacher 05,Assignment 03,3,beginning_of_year,14,12,0.1429,60.45,35.32,94.21
MATH-AP-CALC-BC,AP Calculus BC,ap,Y01-SEC-022,AP Calculus BC - Synthetic Section 02-22,TCH-005,Teacher 05,Assignment 04,4,end_of_year,14,13,0.0714,65.48,30.23,95.47
MATH-AP-CALC-BC,AP Calculus BC,ap,Y01-SEC-023,AP Calculus BC - Synthetic Section 02-23,TCH-005,Teacher 05,Assignment 03,3,beginning_of_year,13,12,0.0769,64.65,22.22,94.86
MATH-AP-CALC-BC,AP Calculus BC,ap,Y01-SEC-023,AP Calculus BC - Synthetic Section 02-23,TCH-005,Teacher 05,Assignment 04,4,end_of_year,13,11,0.1538,68.21,41.55,100.0
MATH-AP-CALC-BC,AP Calculus BC,ap,Y02-SEC-022,AP Calculus BC - Synthetic Section 03-22,TCH-005,Teacher 05,Assignment 05,5,beginning_of_year,8,8,0.0,57.88,27.87,82.42
MATH-AP-CALC-BC,AP Calculus BC,ap,Y02-SEC-022,AP Calculus BC - Synthetic Section 03-22,TCH-005,Teacher 05,Assignment 06,6,end_of_year,8,8,0.0,64.03,41.99,85.61
MATH-AP-CALC-BC,AP Calculus BC,ap,Y02-SEC-023,AP Calculus BC - Synthetic Section 03-23,TCH-005,Teacher 05,Assignment 05,5,beginning_of_year,8,8,0.0,64.03,35.1,84.41
MATH-AP-CALC-BC,AP Calculus BC,ap,Y02-SEC-023,AP Calculus BC - Synthetic Section 03-23,TCH-005,Teacher 05,Assignment 06,6,end_of_year,8,6,0.25,71.66,45.7,86.15
MATH-AP-CALC-BC,AP Calculus BC,ap,Y03-SEC-023,AP Calculus BC - Synthetic Section 04-23,TCH-005,Teacher 05,Assignment 07,7,beginning_of_year,13,13,0.0,60.7,22.12,100.0
MATH-AP-CALC-BC,AP Calculus BC,ap,Y03-SEC-023,AP Calculus BC - Synthetic Section 04-23,TCH-005,Teacher 05,Assignment 08,8,end_of_year,13,12,0.0769,67.32,28.57,99.1
MATH-AP-CALC-BC,AP Calculus BC,ap,Y03-SEC-024,AP Calculus BC - Synthetic Section 04-24,TCH-005,Teacher 05,Assignment 07,7,beginning_of_year,13,12,0.0769,68.96,38.18,95.23
MATH-AP-CALC-BC,AP Calculus BC,ap,Y03-SEC-024,AP Calculus BC - Synthetic Section 04-24,TCH-005,Teacher 05,Assignment 08,8,end_of_year,13,10,0.2308,74.26,49.23,100.0
MATH-AP-CALC-BC,AP Calculus BC,ap,Y04-SEC-024,AP Calculus BC - Synthetic Section 05-24,TCH-005,Teacher 05,Assignment 09,9,beginning_of_year,9,8,0.1111,61.12,28.69,81.34
MATH-AP-CALC-BC,AP Calculus BC,ap,Y04-SEC-024,AP Calculus BC - Synthetic Section 05-24,TCH-005,Teacher 05,Assignment 10,10,end_of_year,9,9,0.0,67.81,39.12,89.46
MATH-AP-CALC-BC,AP Calculus BC,ap,Y04-SEC-025,AP Calculus BC - Synthetic Section 05-25,TCH-005,Teacher 05,Assignment 09,9,beginning_of_year,8,8,0.0,58.95,28.37,91.22
MATH-AP-CALC-BC,AP Calculus BC,ap,Y04-SEC-025,AP Calculus BC - Synthetic Section 05-25,TCH-005,Teacher 05,Assignment 10,10,end_of_year,8,8,0.0,60.54,20.68,94.66
MATH-AP-CALC-BC,AP Calculus BC,ap,Y05-SEC-023,AP Calculus BC - Synthetic Section 06-23,TCH-005,Teacher 05,Assignment 11,11,beginning_of_year,11,9,0.1818,64.15,31.06,93.01
MATH-AP-CALC-BC,AP Calculus BC,ap,Y05-SEC-023,AP Calculus BC - Synthetic Section 06-23,TCH-005,Teacher 05,Assignment 12,12,end_of_year,11,11,0.0,69.55,42.73,94.07
MATH-AP-CALC-BC,AP Calculus BC,ap,Y05-SEC-024,AP Calculus BC - Synthetic Section 06-24,TCH-005,Teacher 05,Assignment 11,11,beginning_of_year,10,10,0.0,58.87,28.09,98.34
MATH-AP-CALC-BC,AP Calculus BC,ap,Y05-SEC-024,AP Calculus BC - Synthetic Section 06-24,TCH-005,Teacher 05,Assignment 12,12,end_of_year,10,10,0.0,62.13,26.9,95.1
MATH-AP-CALC-BC,AP Calculus BC,ap,Y06-SEC-022,AP Calculus BC - Synthetic Section 07-22,TCH-005,Teacher 05,Assignment 13,13,beginning_of_year,12,12,0.0,63.88,45.62,86.3
MATH-AP-CALC-BC,AP Calculus BC,ap,Y06-SEC-022,AP Calculus BC - Synthetic Section 07-22,TCH-005,Teacher 05,Assignment 14,14,end_of_year,12,10,0.1667,66.49,43.61,86.33
MATH-AP-CALC-BC,AP Calculus BC,ap,Y06-SEC-023,AP Calculus BC - Synthetic Section 07-23,TCH-005,Teacher 05,Assignment 13,13,beginning_of_year,12,10,0.1667,63.26,42.83,89.72
MATH-AP-CALC-BC,AP Calculus BC,ap,Y06-SEC-023,AP Calculus BC - Synthetic Section 07-23,TCH-005,Teacher 05,Assignment 14,14,end_of_year,12,11,0.0833,64.66,45.85,94.01
MATH-AP-PRECALC,AP Precalculus,ap,Y00-SEC-016,AP Precalculus - Synthetic Section 01-16,TCH-004,Teacher 04,Assignment 01,1,beginning_of_year,10,8,0.2,60.05,37.04,90.14
MATH-AP-PRECALC,AP Precalculus,ap,Y00-SEC-016,AP Precalculus - Synthetic Section 01-16,TCH-004,Teacher 04,Assignment 02,2,end_of_year,10,9,0.1,69.52,38.39,95.6
MATH-AP-PRECALC,AP Precalculus,ap,Y00-SEC-017,AP Precalculus - Synthetic Section 01-17,TCH-004,Teacher 04,Assignment 01,1,beginning_of_year,10,10,0.0,61.05,30.78,88.82
MATH-AP-PRECALC,AP Precalculus,ap,Y00-SEC-017,AP Precalculus - Synthetic Section 01-17,TCH-004,Teacher 04,Assignment 02,2,end_of_year,10,10,0.0,64.8,40.12,90.88
MATH-AP-PRECALC,AP Precalculus,ap,Y00-SEC-018,AP Precalculus - Synthetic Section 01-18,TCH-004,Teacher 04,Assignment 01,1,beginning_of_year,9,8,0.1111,43.98,14.35,95.31
MATH-AP-PRECALC,AP Precalculus,ap,Y00-SEC-018,AP Precalculus - Synthetic Section 01-18,TCH-004,Teacher 04,Assignment 02,2,end_of_year,9,9,0.0,49.3,29.36,98.97
MATH-AP-PRECALC,AP Precalculus,ap,Y01-SEC-013,AP Precalculus - Synthetic Section 02-13,TCH-004,Teacher 04,Assignment 03,3,beginning_of_year,12,10,0.1667,56.84,17.93,93.29
MATH-AP-PRECALC,AP Precalculus,ap,Y01-SEC-013,AP Precalculus - Synthetic Section 02-13,TCH-004,Teacher 04,Assignment 04,4,end_of_year,12,12,0.0,56.54,26.0,90.37
MATH-AP-PRECALC,AP Precalculus,ap,Y01-SEC-014,AP Precalculus - Synthetic Section 02-14,TCH-004,Teacher 04,Assignment 03,3,beginning_of_year,11,11,0.0,56.08,31.25,78.74
MATH-AP-PRECALC,AP Precalculus,ap,Y01-SEC-014,AP Precalculus - Synthetic Section 02-14,TCH-004,Teacher 04,Assignment 04,4,end_of_year,11,9,0.1818,64.98,46.55,84.96
MATH-AP-PRECALC,AP Precalculus,ap,Y01-SEC-015,AP Precalculus - Synthetic Section 02-15,TCH-004,Teacher 04,Assignment 03,3,beginning_of_year,11,11,0.0,52.22,22.55,100.0
MATH-AP-PRECALC,AP Precalculus,ap,Y01-SEC-015,AP Precalculus - Synthetic Section 02-15,TCH-004,Teacher 04,Assignment 04,4,end_of_year,11,9,0.1818,57.0,30.59,100.0
MATH-AP-PRECALC,AP Precalculus,ap,Y01-SEC-016,AP Precalculus - Synthetic Section 02-16,TCH-004,Teacher 04,Assignment 03,3,beginning_of_year,11,11,0.0,55.26,14.95,94.73
MATH-AP-PRECALC,AP Precalculus,ap,Y01-SEC-016,AP Precalculus - Synthetic Section 02-16,TCH-004,Teacher 04,Assignment 04,4,end_of_year,11,11,0.0,60.08,17.79,93.12
MATH-AP-PRECALC,AP Precalculus,ap,Y02-SEC-011,AP Precalculus - Synthetic Section 03-11,TCH-004,Teacher 04,Assignment 05,5,beginning_of_year,14,14,0.0,68.04,38.26,90.95
MATH-AP-PRECALC,AP Precalculus,ap,Y02-SEC-011,AP Precalculus - Synthetic Section 03-11,TCH-004,Teacher 04,Assignment 06,6,end_of_year,14,12,0.1429,72.02,39.2,100.0
MATH-AP-PRECALC,AP Precalculus,ap,Y02-SEC-012,AP Precalculus - Synthetic Section 03-12,TCH-004,Teacher 04,Assignment 05,5,beginning_of_year,13,13,0.0,61.4,16.15,96.3
MATH-AP-PRECALC,AP Precalculus,ap,Y02-SEC-012,AP Precalculus - Synthetic Section 03-12,TCH-004,Teacher 04,Assignment 06,6,end_of_year,13,11,0.1538,66.4,17.24,99.46
MATH-AP-PRECALC,AP Precalculus,ap,Y02-SEC-013,AP Precalculus - Synthetic Section 03-13,TCH-004,Teacher 04,Assignment 05,5,beginning_of_year,13,12,0.0769,66.44,34.66,87.81
MATH-AP-PRECALC,AP Precalculus,ap,Y02-SEC-013,AP Precalculus - Synthetic Section 03-13,TCH-004,Teacher 04,Assignment 06,6,end_of_year,13,12,0.0769,72.63,37.99,100.0
MATH-AP-PRECALC,AP Precalculus,ap,Y03-SEC-013,AP Precalculus - Synthetic Section 04-13,TCH-004,Teacher 04,Assignment 07,7,beginning_of_year,10,9,0.1,48.23,25.71,63.9
MATH-AP-PRECALC,AP Precalculus,ap,Y03-SEC-013,AP Precalculus - Synthetic Section 04-13,TCH-004,Teacher 04,Assignment 08,8,end_of_year,10,9,0.1,54.95,32.35,69.58
MATH-AP-PRECALC,AP Precalculus,ap,Y03-SEC-014,AP Precalculus - Synthetic Section 04-14,TCH-004,Teacher 04,Assignment 07,7,beginning_of_year,10,9,0.1,64.46,16.83,100.0
MATH-AP-PRECALC,AP Precalculus,ap,Y03-SEC-014,AP Precalculus - Synthetic Section 04-14,TCH-004,Teacher 04,Assignment 08,8,end_of_year,10,9,0.1,67.89,27.66,97.32
MATH-AP-PRECALC,AP Precalculus,ap,Y03-SEC-015,AP Precalculus - Synthetic Section 04-15,TCH-004,Teacher 04,Assignment 07,7,beginning_of_year,9,9,0.0,53.29,17.02,75.57
MATH-AP-PRECALC,AP Precalculus,ap,Y03-SEC-015,AP Precalculus - Synthetic Section 04-15,TCH-004,Teacher 04,Assignment 08,8,end_of_year,9,8,0.1111,63.23,42.63,79.23
MATH-AP-PRECALC,AP Precalculus,ap,Y04-SEC-014,AP Precalculus - Synthetic Section 05-14,TCH-004,Teacher 04,Assignment 09,9,beginning_of_year,11,11,0.0,64.18,22.12,88.03
MATH-AP-PRECALC,AP Precalculus,ap,Y04-SEC-014,AP Precalculus - Synthetic Section 05-14,TCH-004,Teacher 04,Assignment 10,10,end_of_year,11,11,0.0,69.35,38.88,88.49
MATH-AP-PRECALC,AP Precalculus,ap,Y04-SEC-015,AP Precalculus - Synthetic Section 05-15,TCH-004,Teacher 04,Assignment 09,9,beginning_of_year,11,11,0.0,49.34,26.02,83.01
MATH-AP-PRECALC,AP Precalculus,ap,Y04-SEC-015,AP Precalculus - Synthetic Section 05-15,TCH-004,Teacher 04,Assignment 10,10,end_of_year,11,10,0.0909,54.69,36.2,72.05
MATH-AP-PRECALC,AP Precalculus,ap,Y04-SEC-016,AP Precalculus - Synthetic Section 05-16,TCH-004,Teacher 04,Assignment 09,9,beginning_of_year,10,10,0.0,58.91,36.6,89.12
MATH-AP-PRECALC,AP Precalculus,ap,Y04-SEC-016,AP Precalculus - Synthetic Section 05-16,TCH-004,Teacher 04,Assignment 10,10,end_of_year,10,9,0.1,65.33,46.87,94.35
MATH-AP-PRECALC,AP Precalculus,ap,Y05-SEC-013,AP Precalculus - Synthetic Section 06-13,TCH-004,Teacher 04,Assignment 11,11,beginning_of_year,12,12,0.0,65.39,18.89,90.51
MATH-AP-PRECALC,AP Precalculus,ap,Y05-SEC-013,AP Precalculus - Synthetic Section 06-13,TCH-004,Teacher 04,Assignment 12,12,end_of_year,12,11,0.0833,70.24,31.45,91.2
MATH-AP-PRECALC,AP Precalculus,ap,Y05-SEC-014,AP Precalculus - Synthetic Section 06-14,TCH-004,Teacher 04,Assignment 11,11,beginning_of_year,12,11,0.0833,52.1,26.68,69.1
MATH-AP-PRECALC,AP Precalculus,ap,Y05-SEC-014,AP Precalculus - Synthetic Section 06-14,TCH-004,Teacher 04,Assignment 12,12,end_of_year,12,12,0.0,57.83,33.49,74.59
MATH-AP-PRECALC,AP Precalculus,ap,Y05-SEC-015,AP Precalculus - Synthetic Section 06-15,TCH-004,Teacher 04,Assignment 11,11,beginning_of_year,12,11,0.0833,54.86,25.39,81.53
MATH-AP-PRECALC,AP Precalculus,ap,Y05-SEC-015,AP Precalculus - Synthetic Section 06-15,TCH-004,Teacher 04,Assignment 12,12,end_of_year,12,9,0.25,62.45,37.94,89.34
MATH-AP-PRECALC,AP Precalculus,ap,Y06-SEC-011,AP Precalculus - Synthetic Section 07-11,TCH-004,Teacher 04,Assignment 13,13,beginning_of_year,12,10,0.1667,68.98,21.38,93.06
MATH-AP-PRECALC,AP Precalculus,ap,Y06-SEC-011,AP Precalculus - Synthetic Section 07-11,TCH-004,Teacher 04,Assignment 14,14,end_of_year,12,12,0.0,74.35,30.9,92.63
MATH-AP-PRECALC,AP Precalculus,ap,Y06-SEC-012,AP Precalculus - Synthetic Section 07-12,TCH-004,Teacher 04,Assignment 13,13,beginning_of_year,11,11,0.0,59.5,25.49,98.91
MATH-AP-PRECALC,AP Precalculus,ap,Y06-SEC-012,AP Precalculus - Synthetic Section 07-12,TCH-004,Teacher 04,Assignment 14,14,end_of_year,11,11,0.0,65.15,31.12,91.13
MATH-AP-PRECALC,AP Precalculus,ap,Y06-SEC-013,AP Precalculus - Synthetic Section 07-13,TCH-004,Teacher 04,Assignment 13,13,beginning_of_year,11,9,0.1818,63.54,35.2,85.56
MATH-AP-PRECALC,AP Precalculus,ap,Y06-SEC-013,AP Precalculus - Synthetic Section 07-13,TCH-004,Teacher 04,Assignment 14,14,end_of_year,11,11,0.0,69.44,41.92,92.87
MATH-BEYOND-CORE,Beyond Core Math Sequence,beyond_core,Y01-SEC-024,Beyond Core Math Sequence - Synthetic Section 02-24,TCH-005,Teacher 05,Assignment 03,3,beginning_of_year,4,4,0.0,67.26,63.98,73.57
MATH-BEYOND-CORE,Beyond Core Math Sequence,beyond_core,Y01-SEC-024,Beyond Core Math Sequence - Synthetic Section 02-24,TCH-005,Teacher 05,Assignment 04,4,end_of_year,4,4,0.0,70.36,66.58,75.2
MATH-BEYOND-CORE,Beyond Core Math Sequence,beyond_core,Y02-SEC-024,Beyond Core Math Sequence - Synthetic Section 03-24,TCH-004,Teacher 04,Assignment 05,5,beginning_of_year,6,3,0.5,56.38,36.74,89.98
MATH-BEYOND-CORE,Beyond Core Math Sequence,beyond_core,Y02-SEC-024,Beyond Core Math Sequence - Synthetic Section 03-24,TCH-004,Teacher 04,Assignment 06,6,end_of_year,6,6,0.0,68.22,36.25,93.8
MATH-BEYOND-CORE,Beyond Core Math Sequence,beyond_core,Y03-SEC-025,Beyond Core Math Sequence - Synthetic Section 04-25,TCH-004,Teacher 04,Assignment 07,7,beginning_of_year,6,6,0.0,75.06,48.01,97.33
MATH-BEYOND-CORE,Beyond Core Math Sequence,beyond_core,Y03-SEC-025,Beyond Core Math Sequence - Synthetic Section 04-25,TCH-004,Teacher 04,Assignment 08,8,end_of_year,6,5,0.1667,81.71,57.23,98.87
MATH-BEYOND-CORE,Beyond Core Math Sequence,beyond_core,Y04-SEC-026,Beyond Core Math Sequence - Synthetic Section 05-26,TCH-004,Teacher 04,Assignment 09,9,beginning_of_year,4,3,0.25,63.48,40.92,100.0
MATH-BEYOND-CORE,Beyond Core Math Sequence,beyond_core,Y04-SEC-026,Beyond Core Math Sequence - Synthetic Section 05-26,TCH-004,Teacher 04,Assignment 10,10,end_of_year,4,3,0.25,78.91,56.04,98.52
MATH-BEYOND-CORE,Beyond Core Math Sequence,beyond_core,Y05-SEC-025,Beyond Core Math Sequence - Synthetic Section 06-25,TCH-004,Teacher 04,Assignment 11,11,beginning_of_year,5,4,0.2,68.04,32.76,95.84
MATH-BEYOND-CORE,Beyond Core Math Sequence,beyond_core,Y05-SEC-025,Beyond Core Math Sequence - Synthetic Section 06-25,TCH-004,Teacher 04,Assignment 12,12,end_of_year,5,5,0.0,74.77,34.71,99.79
MATH-BEYOND-CORE,Beyond Core Math Sequence,beyond_core,Y06-SEC-024,Beyond Core Math Sequence - Synthetic Section 07-24,TCH-004,Teacher 04,Assignment 13,13,beginning_of_year,4,3,0.25,61.26,38.26,92.57
MATH-BEYOND-CORE,Beyond Core Math Sequence,beyond_core,Y06-SEC-024,Beyond Core Math Sequence - Synthetic Section 07-24,TCH-004,Teacher 04,Assignment 14,14,end_of_year,4,4,0.0,62.52,41.11,92.78
MATH-GEOM,Geometry,regular,Y00-SEC-003,Geometry - Synthetic Section 01-03,TCH-002,Teacher 02,Assignment 01,1,beginning_of_year,12,11,0.0833,41.49,7.5,91.75
MATH-GEOM,Geometry,regular,Y00-SEC-003,Geometry - Synthetic Section 01-03,TCH-002,Teacher 02,Assignment 02,2,end_of_year,12,12,0.0,51.8,20.59,92.97
MATH-GEOM,Geometry,regular,Y00-SEC-004,Geometry - Synthetic Section 01-04,TCH-002,Teacher 02,Assignment 01,1,beginning_of_year,12,12,0.0,44.23,5.21,86.44
MATH-GEOM,Geometry,regular,Y00-SEC-004,Geometry - Synthetic Section 01-04,TCH-002,Teacher 02,Assignment 02,2,end_of_year,12,12,0.0,49.73,17.81,92.55
MATH-GEOM,Geometry,regular,Y00-SEC-005,Geometry - Synthetic Section 01-05,TCH-001,Teacher 01,Assignment 01,1,beginning_of_year,12,11,0.0833,51.31,19.83,77.17
MATH-GEOM,Geometry,regular,Y00-SEC-005,Geometry - Synthetic Section 01-05,TCH-001,Teacher 01,Assignment 02,2,end_of_year,12,10,0.1667,51.16,33.82,73.0
MATH-GEOM,Geometry,regular,Y00-SEC-006,Geometry - Synthetic Section 01-06,TCH-002,Teacher 02,Assignment 01,1,beginning_of_year,12,11,0.0833,53.44,7.22,97.9
MATH-GEOM,Geometry,regular,Y00-SEC-006,Geometry - Synthetic Section 01-06,TCH-002,Teacher 02,Assignment 02,2,end_of_year,12,10,0.1667,56.56,18.31,92.64
MATH-GEOM,Geometry,regular,Y00-SEC-007,Geometry - Synthetic Section 01-07,TCH-001,Teacher 01,Assignment 01,1,beginning_of_year,12,12,0.0,29.49,6.64,52.06
MATH-GEOM,Geometry,regular,Y00-SEC-007,Geometry - Synthetic Section 01-07,TCH-001,Teacher 01,Assignment 02,2,end_of_year,12,12,0.0,37.37,16.59,57.46
MATH-GEOM,Geometry,regular,Y00-SEC-008,Geometry - Synthetic Section 01-08,TCH-002,Teacher 02,Assignment 01,1,beginning_of_year,11,10,0.0909,52.42,13.33,89.19
MATH-GEOM,Geometry,regular,Y00-SEC-008,Geometry - Synthetic Section 01-08,TCH-002,Teacher 02,Assignment 02,2,end_of_year,11,10,0.0909,59.99,26.61,95.72
MATH-GEOM,Geometry,regular,Y01-SEC-002,Geometry - Synthetic Section 02-02,TCH-002,Teacher 02,Assignment 03,3,beginning_of_year,14,14,0.0,44.07,11.71,76.38
MATH-GEOM,Geometry,regular,Y01-SEC-002,Geometry - Synthetic Section 02-02,TCH-002,Teacher 02,Assignment 04,4,end_of_year,14,13,0.0714,47.8,19.41,67.23
MATH-GEOM,Geometry,regular,Y01-SEC-003,Geometry - Synthetic Section 02-03,TCH-001,Teacher 01,Assignment 03,3,beginning_of_year,13,11,0.1538,38.69,12.63,66.6
MATH-GEOM,Geometry,regular,Y01-SEC-003,Geometry - Synthetic Section 02-03,TCH-001,Teacher 01,Assignment 04,4,end_of_year,13,11,0.1538,42.89,22.74,70.09
MATH-GEOM,Geometry,regular,Y01-SEC-004,Geometry - Synthetic Section 02-04,TCH-002,Teacher 02,Assignment 03,3,beginning_of_year,13,12,0.0769,42.29,6.28,94.46
MATH-GEOM,Geometry,regular,Y01-SEC-004,Geometry - Synthetic Section 02-04,TCH-002,Teacher 02,Assignment 04,4,end_of_year,13,11,0.1538,51.12,22.21,100.0
MATH-GEOM,Geometry,regular,Y01-SEC-005,Geometry - Synthetic Section 02-05,TCH-001,Teacher 01,Assignment 03,3,beginning_of_year,13,13,0.0,34.12,14.41,73.51
MATH-GEOM,Geometry,regular,Y01-SEC-005,Geometry - Synthetic Section 02-05,TCH-001,Teacher 01,Assignment 04,4,end_of_year,13,13,0.0,41.51,22.8,79.24
MATH-GEOM,Geometry,regular,Y02-SEC-002,Geometry - Synthetic Section 03-02,TCH-002,Teacher 02,Assignment 05,5,beginning_of_year,12,11,0.0833,42.24,14.82,77.68
MATH-GEOM,Geometry,regular,Y02-SEC-002,Geometry - Synthetic Section 03-02,TCH-002,Teacher 02,Assignment 06,6,end_of_year,12,10,0.1667,45.1,23.78,61.31
MATH-GEOM,Geometry,regular,Y02-SEC-003,Geometry - Synthetic Section 03-03,TCH-001,Teacher 01,Assignment 05,5,beginning_of_year,12,12,0.0,52.69,10.38,82.65
MATH-GEOM,Geometry,regular,Y02-SEC-003,Geometry - Synthetic Section 03-03,TCH-001,Teacher 01,Assignment 06,6,end_of_year,12,9,0.25,53.57,19.82,87.91
MATH-GEOM,Geometry,regular,Y02-SEC-004,Geometry - Synthetic Section 03-04,TCH-002,Teacher 02,Assignment 05,5,beginning_of_year,12,11,0.0833,38.32,21.45,58.95
MATH-GEOM,Geometry,regular,Y02-SEC-004,Geometry - Synthetic Section 03-04,TCH-002,Teacher 02,Assignment 06,6,end_of_year,12,12,0.0,45.58,24.45,60.87
MATH-GEOM,Geometry,regular,Y02-SEC-005,Geometry - Synthetic Section 03-05,TCH-001,Teacher 01,Assignment 05,5,beginning_of_year,12,12,0.0,35.08,11.38,71.4
MATH-GEOM,Geometry,regular,Y02-SEC-005,Geometry - Synthetic Section 03-05,TCH-001,Teacher 01,Assignment 06,6,end_of_year,12,11,0.0833,40.08,21.17,61.91
MATH-GEOM,Geometry,regular,Y03-SEC-003,Geometry - Synthetic Section 04-03,TCH-002,Teacher 02,Assignment 07,7,beginning_of_year,14,13,0.0714,45.83,13.08,82.25
MATH-GEOM,Geometry,regular,Y03-SEC-003,Geometry - Synthetic Section 04-03,TCH-002,Teacher 02,Assignment 08,8,end_of_year,14,14,0.0,53.22,26.62,75.34
MATH-GEOM,Geometry,regular,Y03-SEC-004,Geometry - Synthetic Section 04-04,TCH-002,Teacher 02,Assignment 07,7,beginning_of_year,14,14,0.0,40.28,9.52,67.46
MATH-GEOM,Geometry,regular,Y03-SEC-004,Geometry - Synthetic Section 04-04,TCH-002,Teacher 02,Assignment 08,8,end_of_year,14,12,0.1429,48.67,24.31,71.44
MATH-GEOM,Geometry,regular,Y03-SEC-005,Geometry - Synthetic Section 04-05,TCH-001,Teacher 01,Assignment 07,7,beginning_of_year,14,14,0.0,44.34,12.84,80.57
MATH-GEOM,Geometry,regular,Y03-SEC-005,Geometry - Synthetic Section 04-05,TCH-001,Teacher 01,Assignment 08,8,end_of_year,14,10,0.2857,49.74,14.44,84.35
MATH-GEOM,Geometry,regular,Y03-SEC-006,Geometry - Synthetic Section 04-06,TCH-002,Teacher 02,Assignment 07,7,beginning_of_year,13,12,0.0769,36.4,17.32,76.2
MATH-GEOM,Geometry,regular,Y03-SEC-006,Geometry - Synthetic Section 04-06,TCH-002,Teacher 02,Assignment 08,8,end_of_year,13,12,0.0769,41.13,24.01,79.47
MATH-GEOM,Geometry,regular,Y04-SEC-003,Geometry - Synthetic Section 05-03,TCH-002,Teacher 02,Assignment 09,9,beginning_of_year,13,13,0.0,41.83,21.39,75.42
MATH-GEOM,Geometry,regular,Y04-SEC-003,Geometry - Synthetic Section 05-03,TCH-002,Teacher 02,Assignment 10,10,end_of_year,13,12,0.0769,49.68,30.55,80.43
MATH-GEOM,Geometry,regular,Y04-SEC-004,Geometry - Synthetic Section 05-04,TCH-002,Teacher 02,Assignment 09,9,beginning_of_year,13,13,0.0,43.69,14.14,73.56
MATH-GEOM,Geometry,regular,Y04-SEC-004,Geometry - Synthetic Section 05-04,TCH-002,Teacher 02,Assignment 10,10,end_of_year,13,13,0.0,49.97,27.64,80.49
MATH-GEOM,Geometry,regular,Y04-SEC-005,Geometry - Synthetic Section 05-05,TCH-001,Teacher 01,Assignment 09,9,beginning_of_year,13,12,0.0769,45.23,9.85,88.84
MATH-GEOM,Geometry,regular,Y04-SEC-005,Geometry - Synthetic Section 05-05,TCH-001,Teacher 01,Assignment 10,10,end_of_year,13,12,0.0769,53.45,16.09,92.61
MATH-GEOM,Geometry,regular,Y04-SEC-006,Geometry - Synthetic Section 05-06,TCH-002,Teacher 02,Assignment 09,9,beginning_of_year,13,11,0.1538,35.86,25.97,54.77
MATH-GEOM,Geometry,regular,Y04-SEC-006,Geometry - Synthetic Section 05-06,TCH-002,Teacher 02,Assignment 10,10,end_of_year,13,11,0.1538,43.99,27.91,73.92
MATH-GEOM,Geometry,regular,Y04-SEC-007,Geometry - Synthetic Section 05-07,TCH-001,Teacher 01,Assignment 09,9,beginning_of_year,13,12,0.0769,43.75,20.56,65.92
MATH-GEOM,Geometry,regular,Y04-SEC-007,Geometry - Synthetic Section 05-07,TCH-001,Teacher 01,Assignment 10,10,end_of_year,13,12,0.0769,48.38,25.84,71.14
MATH-GEOM,Geometry,regular,Y05-SEC-002,Geometry - Synthetic Section 06-02,TCH-002,Teacher 02,Assignment 11,11,beginning_of_year,13,12,0.0769,49.83,27.06,84.82
MATH-GEOM,Geometry,regular,Y05-SEC-002,Geometry - Synthetic Section 06-02,TCH-002,Teacher 02,Assignment 12,12,end_of_year,13,13,0.0,51.4,21.76,88.75
MATH-GEOM,Geometry,regular,Y05-SEC-003,Geometry - Synthetic Section 06-03,TCH-001,Teacher 01,Assignment 11,11,beginning_of_year,13,11,0.1538,44.44,9.02,85.0
MATH-GEOM,Geometry,regular,Y05-SEC-003,Geometry - Synthetic Section 06-03,TCH-001,Teacher 01,Assignment 12,12,end_of_year,13,13,0.0,48.36,21.34,86.03
MATH-GEOM,Geometry,regular,Y05-SEC-004,Geometry - Synthetic Section 06-04,TCH-002,Teacher 02,Assignment 11,11,beginning_of_year,13,13,0.0,42.09,3.88,80.95
MATH-GEOM,Geometry,regular,Y05-SEC-004,Geometry - Synthetic Section 06-04,TCH-002,Teacher 02,Assignment 12,12,end_of_year,13,12,0.0769,49.81,17.89,83.79
MATH-GEOM,Geometry,regular,Y05-SEC-005,Geometry - Synthetic Section 06-05,TCH-001,Teacher 01,Assignment 11,11,beginning_of_year,12,11,0.0833,44.01,21.03,81.62
MATH-GEOM,Geometry,regular,Y05-SEC-005,Geometry - Synthetic Section 06-05,TCH-001,Teacher 01,Assignment 12,12,end_of_year,12,11,0.0833,52.05,34.36,92.97
MATH-GEOM,Geometry,regular,Y06-SEC-002,Geometry - Synthetic Section 07-02,TCH-002,Teacher 02,Assignment 13,13,beginning_of_year,12,10,0.1667,40.05,14.17,72.66
MATH-GEOM,Geometry,regular,Y06-SEC-002,Geometry - Synthetic Section 07-02,TCH-002,Teacher 02,Assignment 14,14,end_of_year,12,12,0.0,50.47,22.16,87.31
MATH-GEOM,Geometry,regular,Y06-SEC-003,Geometry - Synthetic Section 07-03,TCH-001,Teacher 01,Assignment 13,13,beginning_of_year,12,10,0.1667,43.44,15.27,93.05
MATH-GEOM,Geometry,regular,Y06-SEC-003,Geometry - Synthetic Section 07-03,TCH-001,Teacher 01,Assignment 14,14,end_of_year,12,11,0.0833,53.21,26.76,88.34
MATH-GEOM,Geometry,regular,Y06-SEC-004,Geometry - Synthetic Section 07-04,TCH-002,Teacher 02,Assignment 13,13,beginning_of_year,12,10,0.1667,41.46,6.43,87.59
MATH-GEOM,Geometry,regular,Y06-SEC-004,Geometry - Synthetic Section 07-04,TCH-002,Teacher 02,Assignment 14,14,end_of_year,12,11,0.0833,45.23,10.88,87.93
MATH-GEOM,Geometry,regular,Y06-SEC-005,Geometry - Synthetic Section 07-05,TCH-001,Teacher 01,Assignment 13,13,beginning_of_year,12,11,0.0833,54.13,10.84,84.64
MATH-GEOM,Geometry,regular,Y06-SEC-005,Geometry - Synthetic Section 07-05,TCH-001,Teacher 01,Assignment 14,14,end_of_year,12,12,0.0,56.59,17.61,79.57
MATH-PRECALC,Precalculus,regular,Y00-SEC-019,Precalculus - Synthetic Section 01-19,TCH-004,Teacher 04,Assignment 01,1,beginning_of_year,8,8,0.0,46.38,11.21,84.66
MATH-PRECALC,Precalculus,regular,Y00-SEC-019,Precalculus - Synthetic Section 01-19,TCH-004,Teacher 04,Assignment 02,2,end_of_year,8,8,0.0,51.35,25.25,82.78
MATH-PRECALC,Precalculus,regular,Y00-SEC-020,Precalculus - Synthetic Section 01-20,TCH-004,Teacher 04,Assignment 01,1,beginning_of_year,8,8,0.0,58.38,34.33,87.71
MATH-PRECALC,Precalculus,regular,Y00-SEC-020,Precalculus - Synthetic Section 01-20,TCH-004,Teacher 04,Assignment 02,2,end_of_year,8,8,0.0,62.18,33.96,92.31
MATH-PRECALC,Precalculus,regular,Y01-SEC-017,Precalculus - Synthetic Section 02-17,TCH-003,Teacher 03,Assignment 03,3,beginning_of_year,12,12,0.0,51.08,28.93,94.74
MATH-PRECALC,Precalculus,regular,Y01-SEC-017,Precalculus - Synthetic Section 02-17,TCH-003,Teacher 03,Assignment 04,4,end_of_year,12,12,0.0,56.48,30.64,88.75
MATH-PRECALC,Precalculus,regular,Y01-SEC-018,Precalculus - Synthetic Section 02-18,TCH-003,Teacher 03,Assignment 03,3,beginning_of_year,12,11,0.0833,52.54,17.79,86.54
MATH-PRECALC,Precalculus,regular,Y01-SEC-018,Precalculus - Synthetic Section 02-18,TCH-003,Teacher 03,Assignment 04,4,end_of_year,12,11,0.0833,55.88,23.35,84.84
MATH-PRECALC,Precalculus,regular,Y01-SEC-019,Precalculus - Synthetic Section 02-19,TCH-004,Teacher 04,Assignment 03,3,beginning_of_year,11,9,0.1818,42.93,21.91,79.03
MATH-PRECALC,Precalculus,regular,Y01-SEC-019,Precalculus - Synthetic Section 02-19,TCH-004,Teacher 04,Assignment 04,4,end_of_year,11,10,0.0909,53.55,31.75,100.0
MATH-PRECALC,Precalculus,regular,Y02-SEC-014,Precalculus - Synthetic Section 03-14,TCH-003,Teacher 03,Assignment 05,5,beginning_of_year,14,12,0.1429,42.39,24.2,59.92
MATH-PRECALC,Precalculus,regular,Y02-SEC-014,Precalculus - Synthetic Section 03-14,TCH-003,Teacher 03,Assignment 06,6,end_of_year,14,14,0.0,46.72,26.62,66.21
MATH-PRECALC,Precalculus,regular,Y02-SEC-015,Precalculus - Synthetic Section 03-15,TCH-003,Teacher 03,Assignment 05,5,beginning_of_year,13,12,0.0769,30.68,13.9,49.96
MATH-PRECALC,Precalculus,regular,Y02-SEC-015,Precalculus - Synthetic Section 03-15,TCH-003,Teacher 03,Assignment 06,6,end_of_year,13,12,0.0769,38.89,15.29,52.92
MATH-PRECALC,Precalculus,regular,Y02-SEC-016,Precalculus - Synthetic Section 03-16,TCH-004,Teacher 04,Assignment 05,5,beginning_of_year,13,12,0.0769,39.19,18.88,59.3
MATH-PRECALC,Precalculus,regular,Y02-SEC-016,Precalculus - Synthetic Section 03-16,TCH-004,Teacher 04,Assignment 06,6,end_of_year,13,12,0.0769,45.99,30.28,62.8
MATH-PRECALC,Precalculus,regular,Y03-SEC-016,Precalculus - Synthetic Section 04-16,TCH-003,Teacher 03,Assignment 07,7,beginning_of_year,13,13,0.0,40.35,15.46,57.83
MATH-PRECALC,Precalculus,regular,Y03-SEC-016,Precalculus - Synthetic Section 04-16,TCH-003,Teacher 03,Assignment 08,8,end_of_year,13,13,0.0,44.49,26.9,59.22
MATH-PRECALC,Precalculus,regular,Y03-SEC-017,Precalculus - Synthetic Section 04-17,TCH-004,Teacher 04,Assignment 07,7,beginning_of_year,13,12,0.0769,36.41,27.11,47.18
MATH-PRECALC,Precalculus,regular,Y03-SEC-017,Precalculus - Synthetic Section 04-17,TCH-004,Teacher 04,Assignment 08,8,end_of_year,13,13,0.0,43.97,31.82,53.59
MATH-PRECALC,Precalculus,regular,Y03-SEC-018,Precalculus - Synthetic Section 04-18,TCH-003,Teacher 03,Assignment 07,7,beginning_of_year,12,11,0.0833,35.24,20.91,48.68
MATH-PRECALC,Precalculus,regular,Y03-SEC-018,Precalculus - Synthetic Section 04-18,TCH-003,Teacher 03,Assignment 08,8,end_of_year,12,12,0.0,41.65,19.47,52.16
MATH-PRECALC,Precalculus,regular,Y04-SEC-017,Precalculus - Synthetic Section 05-17,TCH-003,Teacher 03,Assignment 09,9,beginning_of_year,12,12,0.0,37.83,17.13,56.63
MATH-PRECALC,Precalculus,regular,Y04-SEC-017,Precalculus - Synthetic Section 05-17,TCH-003,Teacher 03,Assignment 10,10,end_of_year,12,11,0.0833,45.88,24.16,64.12
MATH-PRECALC,Precalculus,regular,Y04-SEC-018,Precalculus - Synthetic Section 05-18,TCH-004,Teacher 04,Assignment 09,9,beginning_of_year,11,8,0.2727,38.86,18.99,51.51
MATH-PRECALC,Precalculus,regular,Y04-SEC-018,Precalculus - Synthetic Section 05-18,TCH-004,Teacher 04,Assignment 10,10,end_of_year,11,10,0.0909,45.49,30.12,64.6
MATH-PRECALC,Precalculus,regular,Y04-SEC-019,Precalculus - Synthetic Section 05-19,TCH-003,Teacher 03,Assignment 09,9,beginning_of_year,11,10,0.0909,41.49,14.27,60.38
MATH-PRECALC,Precalculus,regular,Y04-SEC-019,Precalculus - Synthetic Section 05-19,TCH-003,Teacher 03,Assignment 10,10,end_of_year,11,11,0.0,48.22,18.8,66.39
MATH-PRECALC,Precalculus,regular,Y05-SEC-016,Precalculus - Synthetic Section 06-16,TCH-003,Teacher 03,Assignment 11,11,beginning_of_year,13,13,0.0,41.6,10.87,55.11
MATH-PRECALC,Precalculus,regular,Y05-SEC-016,Precalculus - Synthetic Section 06-16,TCH-003,Teacher 03,Assignment 12,12,end_of_year,13,12,0.0769,45.64,22.69,55.96
MATH-PRECALC,Precalculus,regular,Y05-SEC-017,Precalculus - Synthetic Section 06-17,TCH-004,Teacher 04,Assignment 11,11,beginning_of_year,13,11,0.1538,39.07,20.68,54.77
MATH-PRECALC,Precalculus,regular,Y05-SEC-017,Precalculus - Synthetic Section 06-17,TCH-004,Teacher 04,Assignment 12,12,end_of_year,13,11,0.1538,48.39,32.0,63.65
MATH-PRECALC,Precalculus,regular,Y05-SEC-018,Precalculus - Synthetic Section 06-18,TCH-003,Teacher 03,Assignment 11,11,beginning_of_year,13,12,0.0769,38.48,21.72,58.13
MATH-PRECALC,Precalculus,regular,Y05-SEC-018,Precalculus - Synthetic Section 06-18,TCH-003,Teacher 03,Assignment 12,12,end_of_year,13,12,0.0769,43.49,32.03,51.95
MATH-PRECALC,Precalculus,regular,Y06-SEC-014,Precalculus - Synthetic Section 07-14,TCH-003,Teacher 03,Assignment 13,13,beginning_of_year,12,11,0.0833,43.96,25.8,53.35
MATH-PRECALC,Precalculus,regular,Y06-SEC-014,Precalculus - Synthetic Section 07-14,TCH-003,Teacher 03,Assignment 14,14,end_of_year,12,10,0.1667,48.1,24.64,64.53
MATH-PRECALC,Precalculus,regular,Y06-SEC-015,Precalculus - Synthetic Section 07-15,TCH-003,Teacher 03,Assignment 13,13,beginning_of_year,11,11,0.0,35.89,7.88,51.38
MATH-PRECALC,Precalculus,regular,Y06-SEC-015,Precalculus - Synthetic Section 07-15,TCH-003,Teacher 03,Assignment 14,14,end_of_year,11,11,0.0,42.02,15.15,57.99
MATH-PRECALC,Precalculus,regular,Y06-SEC-016,Precalculus - Synthetic Section 07-16,TCH-004,Teacher 04,Assignment 13,13,beginning_of_year,11,10,0.0909,39.97,24.09,57.2
MATH-PRECALC,Precalculus,regular,Y06-SEC-016,Precalculus - Synthetic Section 07-16,TCH-004,Teacher 04,Assignment 14,14,end_of_year,11,11,0.0,44.69,24.39,66.32
MATH-PRECALC,Precalculus,regular,Y06-SEC-017,Precalculus - Synthetic Section 07-17,TCH-003,Teacher 03,Assignment 13,13,beginning_of_year,11,10,0.0909,42.37,29.98,56.25
MATH-PRECALC,Precalculus,regular,Y06-SEC-017,Precalculus - Synthetic Section 07-17,TCH-003,Teacher 03,Assignment 14,14,end_of_year,11,10,0.0909,48.92,25.92,63.25
